image_id,healthy,multiple_diseases,rust,scab
Test_0,0.005748044,0.1161107,0.28943124,0.58871
Test_1,0.012829624,0.21244147,0.45763525,0.31709373
Test_2,0.02033232,0.030192723,0.031606175,0.91786885
Test_3,0.8257322,0.005145912,0.01812635,0.15099563
Test_4,6.9601087e-06,1.9461595e-05,0.99990964,6.393534e-05
Test_5,0.6864558,0.023085328,0.1766156,0.11384326
Test_6,0.7470415,0.02997909,0.019577265,0.20340209
Test_7,0.006339946,0.01914353,0.0017899899,0.9727265
Test_8,0.0011547694,0.0043047215,0.0002751453,0.9942654
Test_9,0.032847032,0.0070093977,0.8981176,0.06202598
Test_10,0.063805245,0.06328238,0.6447601,0.22815226
Test_11,0.14508481,0.005136199,0.747293,0.102486074
Test_12,0.5572205,0.07019204,0.102554075,0.27003336
Test_13,0.47591862,0.13025656,0.1654378,0.22838709
Test_14,0.024733864,0.11346892,0.8177501,0.04404706
Test_15,0.021616472,0.0028680614,0.9611632,0.014352175
Test_16,0.66507924,0.019261766,0.17218128,0.14347772
Test_17,0.040835876,0.108266085,0.06807899,0.7828191
Test_18,0.070176266,0.0044831103,0.0066251587,0.91871554
Test_19,0.0002214886,0.01043934,0.9887011,0.0006381282
Test_20,0.107784055,0.0074790027,0.13224964,0.7524873
Test_21,0.96890455,0.0008919767,0.0036311524,0.026572306
Test_22,0.0033004459,0.037348717,0.94415057,0.015200218
Test_23,0.064543925,0.005995842,0.0038624525,0.9255977
Test_24,0.47529614,0.12820818,0.04223517,0.35426044
Test_25,0.12574004,0.01801944,0.037169326,0.81907123
Test_26,0.11009727,0.027168293,0.03820537,0.8245291
Test_27,0.011525466,0.11221675,0.48515984,0.39109796
Test_28,0.91489685,0.009273646,0.0066319,0.0691976
Test_29,0.10906591,0.025618786,0.036095735,0.8292195
Test_30,0.8956313,0.0048710094,0.058491454,0.04100627
Test_31,0.0031489625,0.08016769,0.06482153,0.85186183
Test_32,0.21624072,0.0046108547,0.09500946,0.684139
Test_33,0.0010527659,0.00052311586,0.0004607781,0.9979634
Test_34,0.07849297,0.032637637,0.031734902,0.85713446
Test_35,0.012112784,0.0071952273,0.0011304081,0.9795616
Test_36,0.0013999778,0.014801385,0.9812945,0.0025040829
Test_37,0.018580269,0.03903539,0.0059112757,0.936473
Test_38,0.00888912,0.055106707,0.026141917,0.9098623
Test_39,0.015095053,0.0051266747,0.9288851,0.050893128
Test_40,0.3217662,0.03259049,0.4852268,0.16041653
Test_41,0.09995385,0.15920098,0.47688276,0.26396242
Test_42,0.015752826,0.0039685494,0.0023359072,0.97794276
Test_43,0.52258444,0.015353397,0.127765,0.33429715
Test_44,0.0018790993,0.019605251,0.0012738727,0.97724175
Test_45,0.016558737,0.014608647,0.045224693,0.92360795
Test_46,0.02409385,0.03888141,0.00432547,0.9326992
Test_47,0.014799429,0.0349144,0.7976753,0.1526108
Test_48,0.010391354,0.077998206,0.7600448,0.1515656
Test_49,0.18328422,0.0053280834,0.7455977,0.065789975
Test_50,0.032941453,0.035327822,0.8958253,0.035905447
Test_51,0.07098184,0.06624623,0.77558887,0.08718302
Test_52,0.0018680806,0.025693696,0.9559138,0.01652449
Test_53,0.042438455,0.00062477554,0.9522425,0.004694261
Test_54,0.4363294,0.040855788,0.10814757,0.41466728
Test_55,0.034532145,0.033770524,0.17895092,0.7527464
Test_56,0.16564797,0.06379515,0.051725302,0.7188316
Test_57,0.87847495,0.0015577242,0.0067605926,0.113206826
Test_58,0.048407767,0.016182803,0.0073452056,0.9280643
Test_59,0.0990461,0.15333652,0.47950763,0.26810968
Test_60,0.060892917,0.08153502,0.11064123,0.7469308
Test_61,0.36918405,0.022326099,0.11991679,0.48857313
Test_62,0.20558241,0.011757286,0.31352374,0.46913654
Test_63,0.07132863,0.009009595,0.004260633,0.91540116
Test_64,0.71810174,0.01214516,0.22035392,0.049399175
Test_65,0.007546603,0.008601908,0.34426317,0.63958836
Test_66,0.94489527,0.0012972666,0.0023412323,0.051466305
Test_67,0.00052003097,0.0050959256,0.9724548,0.021929242
Test_68,0.123106636,0.0744902,0.27113652,0.53126675
Test_69,0.026288347,0.05499692,0.67778516,0.24092956
Test_70,0.06924979,0.010183747,0.013630609,0.90693593
Test_71,0.41609997,0.03773295,0.52691406,0.01925308
Test_72,0.14349724,0.016955925,0.071152136,0.7683947
Test_73,0.88769937,0.017663546,0.07607643,0.018560655
Test_74,0.688369,0.01842017,0.012216551,0.28099436
Test_75,0.05544254,0.011474187,0.021448819,0.9116345
Test_76,0.8370898,0.0017232627,0.01067243,0.15051456
Test_77,0.2049902,0.020715985,0.69128335,0.083010465
Test_78,0.001247236,0.0013635495,0.0006498999,0.9967393
Test_79,0.057373684,0.016135994,0.015096055,0.9113943
Test_80,0.042232905,0.19997457,0.06746498,0.6903275
Test_81,0.090202235,0.1199971,0.46402815,0.32577246
Test_82,0.0050919033,0.11519462,0.75578874,0.12392476
Test_83,0.0034203525,0.09016032,0.8116225,0.09479684
Test_84,0.41138116,0.009514533,0.009006951,0.5700973
Test_85,0.3427385,0.0026110716,0.008321949,0.64632845
Test_86,0.13651213,0.06353774,0.6771248,0.12282535
Test_87,0.28898177,0.13404737,0.18471812,0.39225277
Test_88,0.001814711,0.11428497,0.041329745,0.84257054
Test_89,0.70898485,0.034043543,0.12056298,0.13640864
Test_90,0.023645159,0.075050704,0.8274313,0.073872775
Test_91,0.5062569,0.17079349,0.02646859,0.29648095
Test_92,0.6941304,0.010367754,0.06635336,0.22914846
Test_93,0.025525415,0.049444947,0.8152251,0.10980444
Test_94,0.016460303,0.016515952,0.0073361574,0.9596876
Test_95,0.23585193,0.013115812,0.07393709,0.6770952
Test_96,0.033573534,0.039686136,0.04828861,0.87845176
Test_97,0.8128539,0.015135655,0.05260709,0.119403474
Test_98,0.40362796,0.07167342,0.1611435,0.36355516
Test_99,0.20802577,0.051752236,0.16406105,0.57616097
Test_100,0.022568777,0.07973815,0.024169829,0.87352324
Test_101,0.6368533,0.0109085245,0.14500208,0.20723608
Test_102,0.022724744,0.0058090044,0.005475877,0.96599036
Test_103,0.03620003,0.15444775,0.69106966,0.118282534
Test_104,0.061661653,0.02904502,0.010614619,0.8986787
Test_105,0.25849807,0.0034695726,0.015210137,0.7228222
Test_106,0.8564441,0.025257789,0.031723958,0.08657424
Test_107,0.05300721,0.05589097,0.078676574,0.8124252
Test_108,0.080690056,0.0063813208,0.07866549,0.8342631
Test_109,0.061364736,0.07051165,0.08771268,0.7804109
Test_110,0.3073388,0.11586576,0.1113229,0.46547258
Test_111,0.7598174,0.009078097,0.045329433,0.18577506
Test_112,0.010120707,0.16582485,0.62975466,0.19429977
Test_113,0.09062267,0.17150828,0.004207208,0.7336619
Test_114,0.035210066,0.049463745,0.19990295,0.7154232
Test_115,0.088908814,0.025635362,0.28121242,0.60424346
Test_116,0.007176085,0.008187752,0.96129984,0.023336295
Test_117,0.0010036476,0.06468194,0.84973246,0.08458203
Test_118,0.0045055845,0.0012467024,0.9890008,0.0052468614
Test_119,0.71915454,0.01283991,0.0875647,0.18044084
Test_120,0.0014401554,0.010482787,0.9712733,0.016803779
Test_121,0.058839295,0.026255123,0.85116327,0.0637424
Test_122,0.101048455,0.094630845,0.4539834,0.3503373
Test_123,0.005111255,0.24403916,0.5968311,0.15401846
Test_124,0.03849412,0.030452006,0.01833479,0.912719
Test_125,0.044072386,0.4928371,0.0803883,0.38270226
Test_126,0.4778175,0.052854665,0.17071818,0.29860958
Test_127,0.52500224,0.03901615,0.0920149,0.3439666
Test_128,0.0005356474,0.09047033,0.3371372,0.57185686
Test_129,0.08795558,0.14009741,0.42142856,0.3505184
Test_130,0.0072338525,0.021099789,0.0027846412,0.9688817
Test_131,0.0040896176,0.0046037296,0.0012249241,0.9900817
Test_132,0.90952015,0.0051640505,0.073893905,0.011421861
Test_133,0.016313937,0.010910022,0.00097304804,0.97180307
Test_134,0.4579831,0.009225405,0.061492514,0.47129902
Test_135,0.037559003,0.062564835,0.3639196,0.53595656
Test_136,0.017102344,0.0077367984,0.0034204137,0.9717405
Test_137,0.0012560695,0.062466364,0.9241022,0.012175345
Test_138,0.21806496,0.046686236,0.702871,0.032377865
Test_139,0.82541245,0.0031188193,0.01258845,0.15888028
Test_140,0.029321074,0.011090967,0.50768876,0.45189923
Test_141,0.0668608,0.047752548,0.12473082,0.7606559
Test_142,0.16133939,0.06398759,0.07512039,0.69955266
Test_143,0.015793316,0.0056205234,0.009212822,0.96937335
Test_144,0.949587,0.0038180812,0.02711711,0.019477818
Test_145,0.3223415,0.032215938,0.040446166,0.6049963
Test_146,0.0006037239,0.0008443725,0.9970983,0.001453664
Test_147,0.008075038,0.0179884,0.78635806,0.18757857
Test_148,0.1654703,0.04826738,0.08655722,0.6997051
Test_149,0.030912418,0.0027241854,0.94513667,0.021226699
Test_150,0.47686064,0.124256484,0.026107877,0.37277502
Test_151,2.0064832e-05,0.0055334587,0.9944343,1.2283903e-05
Test_152,0.089858085,0.015032558,0.22157289,0.6735365
Test_153,0.11479545,0.007323566,0.015753547,0.8621275
Test_154,0.09967666,0.06760141,0.29590416,0.5368178
Test_155,0.124861814,0.24417697,0.20917714,0.42178407
Test_156,0.0022791328,0.0010737043,0.004603977,0.9920432
Test_157,0.25804105,0.038668755,0.12510815,0.578182
Test_158,0.012199273,0.0012830662,0.0006195462,0.98589814
Test_159,0.05600213,0.059294555,0.70383376,0.18086956
Test_160,0.7024078,0.023653777,0.19142275,0.08251576
Test_161,0.0065465528,0.018218927,0.27663144,0.6986031
Test_162,0.005334359,0.06131541,0.9198132,0.013536995
Test_163,0.024546323,0.109883286,0.044852726,0.8207177
Test_164,0.5535555,0.036280833,0.04753703,0.36262664
Test_165,0.010385243,0.0153577775,0.0039167916,0.97034025
Test_166,0.018198244,0.01858535,0.88932735,0.07388901
Test_167,0.22438909,0.008436739,0.20711866,0.56005543
Test_168,0.008036981,0.06996931,0.6625229,0.2594708
Test_169,0.37401408,0.019282408,0.51265377,0.094049744
Test_170,0.4234438,0.023203116,0.049486615,0.5038665
Test_171,0.020276299,0.019594561,0.88675845,0.07337064
Test_172,0.0036359853,0.23904519,0.51229477,0.24502398
Test_173,0.0011815367,0.024684854,0.9655592,0.008574419
Test_174,0.19648504,0.012070699,0.07183133,0.71961296
Test_175,0.3513492,0.04497718,0.09138419,0.51228946
Test_176,0.001786399,0.010360921,0.97644603,0.011406631
Test_177,0.11063558,0.00092284224,0.00031640346,0.8881251
Test_178,0.018710775,0.0047597336,0.0014376448,0.9750919
Test_179,0.005057363,0.023729786,0.9076376,0.06357533
Test_180,0.05292655,0.18817297,0.39317754,0.36572292
Test_181,0.052885145,0.008148725,0.019903775,0.91906244
Test_182,0.07219372,0.0063609993,0.8690858,0.052359447
Test_183,0.86716294,0.00761926,0.047163803,0.07805406
Test_184,0.21205942,0.04646761,0.06918173,0.6722912
Test_185,0.07822018,0.044199884,0.21425526,0.66332465
Test_186,0.47894022,0.038314495,0.0058917617,0.47685352
Test_187,0.07503793,0.024402414,0.82433236,0.07622738
Test_188,0.31296644,0.0318368,0.59179515,0.06340164
Test_189,0.8968029,0.0025525363,0.014172908,0.08647173
Test_190,0.12511818,0.17810561,0.23950045,0.45727578
Test_191,0.006409659,0.07539589,0.89944315,0.018751388
Test_192,0.6104821,0.04558917,0.13120681,0.21272187
Test_193,0.006311432,0.20748228,0.5448476,0.24135871
Test_194,0.007859605,0.33570278,0.54783326,0.10860439
Test_195,0.5023078,0.11752114,0.122326665,0.25784445
Test_196,0.0021635392,0.018474318,0.006871178,0.97249085
Test_197,0.0076736407,0.07999221,0.85064393,0.06169025
Test_198,0.0013857299,0.00037110964,0.000109261906,0.99813396
Test_199,0.701372,0.006735582,0.09308947,0.19880292
Test_200,0.18142681,0.06016637,0.40192735,0.3564795
Test_201,0.15506768,0.012708424,0.017147344,0.81507653
Test_202,0.114395976,0.14764822,0.06571277,0.67224306
Test_203,0.0015898938,0.12273442,0.668513,0.20716275
Test_204,0.018239293,0.0134004755,0.003983568,0.9643766
Test_205,0.3147825,0.007109891,0.045892175,0.63221544
Test_206,0.022062806,0.008419494,0.0021691432,0.96734846
Test_207,0.0022370468,0.012532234,0.95383966,0.031391032
Test_208,0.036539894,0.009354951,0.005836721,0.9482684
Test_209,0.0064930725,0.17931345,0.79323345,0.020960001
Test_210,0.05244681,0.08274707,0.16421291,0.7005931
Test_211,0.051431272,0.1076664,0.05101604,0.7898862
Test_212,0.0037412276,0.0044568893,0.9675341,0.024267778
Test_213,0.019604245,0.187179,0.002760714,0.79045606
Test_214,0.002856219,0.015421127,0.90456426,0.07715833
Test_215,0.37651488,0.38610128,0.119084604,0.11829913
Test_216,0.5994555,0.027479539,0.2566107,0.116454296
Test_217,0.032863263,0.10038852,0.13397822,0.73276997
Test_218,0.73583055,0.017656595,0.0017917774,0.2447211
Test_219,0.1708343,0.013372987,0.65051377,0.16527893
Test_220,0.0009077976,0.015736045,0.0038925607,0.9794636
Test_221,0.023258524,0.014029905,0.003535886,0.95917565
Test_222,0.0005998587,0.0007065604,0.98856,0.010133629
Test_223,0.028085701,0.058238074,0.7988959,0.1147804
Test_224,0.12689532,0.0063434304,0.042986047,0.8237752
Test_225,0.63110954,0.037038907,0.08115198,0.2506996
Test_226,0.015244034,0.015326381,0.05815735,0.9112722
Test_227,0.0044879112,0.058909234,0.009178226,0.92742467
Test_228,0.36395407,0.028114812,0.46489257,0.14303853
Test_229,0.011758057,0.027798029,0.1480249,0.812419
Test_230,0.1257355,0.056004204,0.015750231,0.8025101
Test_231,0.003577273,0.0023875488,0.0005024648,0.99353266
Test_232,0.44640723,0.006437736,0.38049418,0.16666088
Test_233,0.82578045,0.010636023,0.030896692,0.13268687
Test_234,0.13776058,0.049529433,0.009079206,0.8036308
Test_235,0.029450918,0.0049474183,0.014582174,0.9510196
Test_236,0.051169127,0.1294164,0.1096356,0.70977885
Test_237,0.37538436,0.06711031,0.07995371,0.47755164
Test_238,0.02254392,0.18449928,0.69771844,0.09523832
Test_239,0.0035309244,0.071759515,0.80733854,0.11737106
Test_240,0.009536099,0.054096688,0.90760815,0.028759044
Test_241,0.0010774923,0.073970646,0.8516292,0.07332267
Test_242,0.14286016,0.016911399,0.045402866,0.79482555
Test_243,0.79662174,0.006539172,0.10204185,0.09479721
Test_244,0.06341062,0.057798218,0.014615172,0.864176
Test_245,0.31435668,0.11808243,0.26861426,0.29894662
Test_246,0.019286523,0.007246865,0.012553737,0.9609129
Test_247,0.000670149,0.0061234734,0.000913214,0.99229324
Test_248,0.13809043,0.03386498,0.06901076,0.7590338
Test_249,0.018841108,0.022685353,0.1282,0.8302735
Test_250,0.25416005,0.1780338,0.24063075,0.32717544
Test_251,0.29603586,0.06585637,0.04286459,0.59524316
Test_252,0.42551625,0.018137107,0.4190296,0.137317
Test_253,0.0013216721,0.016036654,0.0009710743,0.9816706
Test_254,0.12536868,0.03414216,0.0713019,0.7691872
Test_255,0.04284994,0.037975255,0.0044040526,0.9147708
Test_256,0.0022047246,0.022493618,0.003638808,0.9716628
Test_257,0.15137395,0.09123299,0.68422663,0.07316649
Test_258,0.033202436,0.077278465,0.47420388,0.4153153
Test_259,0.09224823,0.17285958,0.056117427,0.67877483
Test_260,0.036125276,0.003065549,0.011041648,0.94976753
Test_261,0.040952656,0.030473452,0.62827003,0.3003039
Test_262,0.020715004,0.1400497,0.114984594,0.7242507
Test_263,0.51932526,0.0045689284,0.05025579,0.42584997
Test_264,0.9784904,0.0011200076,0.01578236,0.0046073045
Test_265,0.42588508,0.03199693,0.14989227,0.39222577
Test_266,0.034442224,0.0043005403,0.0144744115,0.9467829
Test_267,0.89139736,0.0027266887,0.048777208,0.057098806
Test_268,0.0010150756,0.274492,0.5883552,0.13613774
Test_269,0.12564313,0.028613666,0.061982427,0.7837607
Test_270,0.07033855,0.0016087404,0.0010217138,0.927031
Test_271,0.00989739,0.007310102,0.002830781,0.97996175
Test_272,0.18801227,0.16586843,0.12843347,0.51768583
Test_273,0.91661566,0.025133103,0.0054059806,0.05284523
Test_274,0.019785648,0.005154801,0.9078309,0.06722863
Test_275,0.011193156,0.04440761,0.5192194,0.42517984
Test_276,0.007542117,0.1155325,0.30688792,0.5700375
Test_277,0.3041029,0.026619753,0.033331156,0.63594615
Test_278,0.20055656,0.07370222,0.042655587,0.6830857
Test_279,0.024051681,0.012313793,0.9409261,0.022708492
Test_280,0.020480165,0.027645284,0.0098430645,0.9420315
Test_281,0.034485508,0.009620319,0.008154693,0.9477395
Test_282,0.0017685359,0.23611462,0.23760913,0.52450764
Test_283,0.01641426,0.25661662,0.033238545,0.69373053
Test_284,0.03564209,0.03370469,0.7589554,0.17169788
Test_285,0.012332986,0.013461906,0.015761634,0.9584435
Test_286,0.5474975,0.0011386232,0.012199531,0.43916437
Test_287,0.03838284,0.007201604,0.42415848,0.53025705
Test_288,0.0032968204,0.0016467933,0.00026141404,0.9947949
Test_289,0.001988125,0.0021809745,0.0010238568,0.99480706
Test_290,0.06279007,0.016823344,0.14533149,0.77505517
Test_291,0.011178217,0.07402494,0.8475308,0.06726606
Test_292,0.40351656,0.013027283,0.48550266,0.097953536
Test_293,0.015009069,0.112593085,0.77323854,0.09915937
Test_294,0.05158976,0.009635451,0.8001134,0.13866137
Test_295,0.6289965,0.015265859,0.13541347,0.22032417
Test_296,0.6305051,0.014528396,0.027174462,0.327792
Test_297,0.017010994,0.03397543,0.004092517,0.94492114
Test_298,0.002034541,0.09862081,0.85022414,0.04912061
Test_299,0.008929834,0.032460302,0.005073956,0.9535359
Test_300,0.17352521,0.017083332,0.03278801,0.77660346
Test_301,0.6612617,0.026162555,0.05287235,0.25970346
Test_302,0.004339019,0.030875802,0.010029235,0.95475596
Test_303,0.19139172,0.08860122,0.050739318,0.6692678
Test_304,0.27819794,0.012833787,0.0240265,0.68494177
Test_305,0.4739924,0.030001622,0.013555043,0.48245087
Test_306,0.010671884,0.017373346,0.06330395,0.9086508
Test_307,0.4753407,0.027951406,0.26688942,0.22981851
Test_308,0.0013011697,0.010786622,0.010533476,0.9773787
Test_309,0.22046874,0.064756125,0.4808527,0.23392244
Test_310,0.00045875242,0.030964106,0.9372291,0.031348012
Test_311,0.0089192595,0.0820713,0.13361666,0.7753929
Test_312,0.012007722,0.008589662,0.0074831503,0.9719195
Test_313,0.008349459,0.0079119485,0.0044260826,0.97931254
Test_314,0.016195826,0.0031837607,0.022341564,0.95827883
Test_315,0.30082363,0.008175503,0.005398063,0.68560284
Test_316,0.7378918,0.022749288,0.082563184,0.15679573
Test_317,0.11599288,0.061422635,0.6119165,0.21066797
Test_318,0.04866631,0.018175423,0.00017626246,0.9329821
Test_319,0.00050429243,0.009508125,0.9853799,0.0046077445
Test_320,0.001849047,0.006581606,0.98884857,0.002720769
Test_321,0.38318688,0.17466408,0.0082141105,0.43393493
Test_322,0.33999634,0.030523567,0.21751292,0.41196713
Test_323,0.15501444,0.02574937,0.13063505,0.68860114
Test_324,0.00069247576,0.0009698812,0.9967231,0.0016145057
Test_325,0.0229944,0.013798111,0.0053440635,0.95786333
Test_326,0.012601928,0.007430425,0.3759852,0.60398245
Test_327,0.053384114,0.009333472,0.013840418,0.923442
Test_328,0.001702996,0.008263145,0.9601753,0.029858626
Test_329,0.63937914,0.034667082,0.2027345,0.12321929
Test_330,0.006607515,0.22982918,0.5478227,0.21574062
Test_331,0.14743173,0.06097314,0.011476252,0.78011876
Test_332,0.29570627,0.03635749,0.01913305,0.6488032
Test_333,0.025092015,0.046071004,0.90480506,0.024031812
Test_334,0.0024105492,0.0032334188,0.9913658,0.0029903469
Test_335,0.9515958,0.0077270097,0.023249952,0.017427271
Test_336,0.44577873,0.11260664,0.3097841,0.13183054
Test_337,0.91328555,0.012764685,0.0012880943,0.072661765
Test_338,0.856077,0.004402049,0.025001861,0.11451902
Test_339,0.03657958,0.228117,0.45579618,0.27950725
Test_340,0.17249629,0.029576026,0.1788184,0.6191093
Test_341,0.35650197,0.02978096,0.004564835,0.60915226
Test_342,0.7070084,0.025177278,0.049202397,0.21861197
Test_343,0.018761398,0.04522,0.03185094,0.90416765
Test_344,0.0014852401,0.020283747,0.62521285,0.35301816
Test_345,0.020156985,0.093340114,0.58757603,0.2989269
Test_346,0.0035600062,0.009417922,0.967687,0.019335024
Test_347,7.0600996e-05,0.0031413701,0.9943347,0.0024533262
Test_348,0.02566218,0.06877987,0.07183628,0.83372176
Test_349,0.020152155,0.006968234,0.011275194,0.9616044
Test_350,0.015305162,0.0490311,0.0019910731,0.93367267
Test_351,0.00032600536,0.009298377,0.97376484,0.016610866
Test_352,0.03785983,0.05594028,0.037888348,0.8683116
Test_353,0.023065427,0.18286636,0.078212105,0.7158562
Test_354,0.08512224,0.13774998,0.59943694,0.1776909
Test_355,0.48334303,0.03376571,0.004236902,0.47865427
Test_356,0.26473767,0.11446302,0.07438964,0.54640967
Test_357,0.8137702,0.0075131343,0.17103662,0.00768014
Test_358,0.63554984,0.023402242,0.2134053,0.12764254
Test_359,0.020687848,0.0019448732,0.002779422,0.97458786
Test_360,0.27803355,0.0056291493,0.025122978,0.6912143
Test_361,0.31239274,0.043357052,0.032245263,0.61200494
Test_362,0.70295066,0.00921322,0.12783548,0.16000065
Test_363,0.044703957,0.13440877,0.25095412,0.56993306
Test_364,0.0016533086,0.011932886,0.96831137,0.018102448
Test_365,0.23201858,0.052419197,0.60274345,0.11281876
Test_366,0.029042937,0.037732184,0.85439974,0.07882509
Test_367,0.023921706,0.060129184,0.0039538415,0.91199523
Test_368,0.30878168,0.019099608,0.058061205,0.61405754
Test_369,0.016880186,0.021435777,0.0038562254,0.9578279
Test_370,0.104507826,0.12812945,0.54379016,0.22357254
Test_371,0.13059351,0.054947592,0.75643414,0.05802467
Test_372,0.025005022,0.032649487,0.09262852,0.849717
Test_373,0.0012066875,0.12792194,0.84751374,0.023357615
Test_374,0.0066127833,0.0023003214,0.9844313,0.006655651
Test_375,0.00307412,0.001959417,0.0010527426,0.9939137
Test_376,0.07074826,0.028386692,0.012461762,0.88840324
Test_377,0.7276772,0.019349696,0.07411274,0.17886029
Test_378,0.010516281,0.03282653,0.9163519,0.04030521
Test_379,0.21243547,0.11056848,0.21433854,0.4626575
Test_380,0.016850272,0.042877164,0.016122973,0.9241496
Test_381,0.10235008,0.006391599,0.011233289,0.880025
Test_382,0.037913054,0.12434879,0.03495179,0.8027864
Test_383,0.3854422,0.0078569595,0.053522874,0.553178
Test_384,0.06854262,0.030783404,0.8278487,0.07282525
Test_385,0.09905015,0.13621277,0.29001772,0.4747194
Test_386,0.0045841513,0.28455564,0.15644757,0.55441266
Test_387,0.6430282,0.04501973,0.12544571,0.18650636
Test_388,0.5504521,0.060971443,0.006667204,0.38190925
Test_389,0.6583638,0.0063108057,0.31705272,0.018272577
Test_390,0.5767263,0.003420055,0.010064588,0.40978894
Test_391,0.06505003,0.03926459,0.6850863,0.21059904
Test_392,0.013758541,0.05526155,0.8982993,0.032680638
Test_393,0.115740106,0.06465609,0.018788874,0.800815
Test_394,0.09901255,0.0021058419,0.012421701,0.8864599
Test_395,0.0046075387,0.17590608,0.6569974,0.16248904
Test_396,0.011417859,0.011073716,0.02385182,0.9536567
Test_397,0.35561433,0.012465365,0.030453052,0.60146725
Test_398,0.005955545,0.101117745,0.615443,0.27748373
Test_399,0.09014544,0.007236223,0.013543724,0.8890747
Test_400,0.028709743,0.026691543,0.86177343,0.082825296
Test_401,0.011584867,0.20601813,0.7665857,0.01581127
Test_402,0.4454541,0.020755492,0.08540116,0.44838926
Test_403,0.2516797,0.03765807,0.5528546,0.15780757
Test_404,0.22404493,0.029132634,0.058333654,0.6884888
Test_405,0.030656882,0.0075211073,0.0039515095,0.9578705
Test_406,0.014527064,0.019405141,0.011130509,0.9549372
Test_407,0.008900987,0.0029719507,0.0037998161,0.9843274
Test_408,0.01684653,0.0047595967,0.0033049867,0.9750889
Test_409,0.25069368,0.039838128,0.36318108,0.34628707
Test_410,0.022141784,0.0051735598,0.005271057,0.9674136
Test_411,0.86158174,0.013196551,0.01898361,0.10623812
Test_412,0.005885068,0.1195408,0.095282726,0.7792914
Test_413,0.85298324,0.0046189805,0.029048225,0.113349535
Test_414,0.0010202918,0.021105155,0.9549743,0.022900289
Test_415,0.05112556,0.044362474,0.48151243,0.4229995
Test_416,0.07944156,0.02878345,0.1141009,0.7776741
Test_417,0.050889928,0.021680541,0.3739276,0.5535019
Test_418,0.9047337,0.026532147,0.027117096,0.041616995
Test_419,0.4483375,0.014746644,0.48525012,0.051665686
Test_420,0.01374309,0.033296518,0.4414071,0.5115533
Test_421,0.049630776,0.0068393825,0.0137800155,0.9297498
Test_422,0.052579004,0.018976457,0.009057224,0.9193873
Test_423,0.014253771,0.14382334,0.6722655,0.16965735
Test_424,0.20296,0.31315178,0.14491087,0.3389773
Test_425,0.052520417,0.004843529,0.0011262588,0.9415097
Test_426,0.006039533,0.0062220376,0.98004663,0.007691839
Test_427,0.001178142,0.0026648485,0.0012231845,0.9949339
Test_428,0.003520545,0.0029380382,0.004049712,0.9894917
Test_429,0.005119294,0.12605096,0.7300729,0.13875687
Test_430,0.41555697,0.04113949,0.48964956,0.053653985
Test_431,0.71997666,0.022854432,0.14281178,0.114357136
Test_432,0.011893016,0.028452475,0.048306886,0.9113477
Test_433,0.13470289,0.02014795,0.029578788,0.8155704
Test_434,0.003109331,0.004612221,0.003298715,0.9889797
Test_435,0.89433813,0.00991215,0.029060047,0.066689655
Test_436,0.06849625,0.06928477,0.037393138,0.8248258
Test_437,0.19553225,0.019918103,0.40686363,0.377686
Test_438,0.0026151047,0.27153566,0.21994261,0.5059066
Test_439,0.04800029,0.124485806,0.4553463,0.37216768
Test_440,0.0020976919,0.0026016827,0.9920867,0.0032139742
Test_441,0.12482044,0.06475067,0.32054457,0.48988435
Test_442,0.09594701,0.015299059,0.85587794,0.032875944
Test_443,0.00412043,0.0024746975,0.02794276,0.96546215
Test_444,0.13924545,0.023971362,0.050688665,0.78609455
Test_445,0.004425369,0.007684005,0.83215547,0.1557352
Test_446,0.056954917,0.092149645,0.6515157,0.19937973
Test_447,0.28718677,0.030960128,0.46131617,0.22053689
Test_448,0.0017630863,0.039033335,0.9449473,0.014256323
Test_449,0.014382085,0.024548758,0.06816775,0.8929014
Test_450,0.13205226,0.02519393,0.82274324,0.020010563
Test_451,0.004021466,0.18366882,0.7320439,0.0802657
Test_452,0.03488533,0.12911887,0.29630527,0.5396905
Test_453,0.08305421,0.04339947,0.022442767,0.8511035
Test_454,0.00227576,0.36522764,0.39923826,0.23325837
Test_455,0.019824553,0.0003248066,0.00086114847,0.97898954
Test_456,0.010316973,0.22331528,0.016833477,0.7495343
Test_457,0.046800822,0.0055016875,0.0012549865,0.94644254
Test_458,0.16379292,0.07460563,0.03258428,0.72901714
Test_459,0.0037059912,0.007449921,0.9680338,0.0208103
Test_460,0.13554509,0.056734603,0.021330748,0.7863896
Test_461,0.005468608,0.023350278,0.008734139,0.962447
Test_462,0.020792378,0.033821788,0.015247561,0.93013835
Test_463,0.00044602298,0.004610976,0.0027654003,0.99217755
Test_464,0.9679442,0.0020305528,0.008359229,0.021665987
Test_465,0.0009034847,0.008618726,0.98819715,0.002280553
Test_466,0.009890356,0.011229725,0.95941734,0.019462602
Test_467,0.08854274,0.08264212,0.17272747,0.6560877
Test_468,0.27782908,0.05647499,0.06911829,0.59657764
Test_469,0.47822124,0.10270939,0.1958098,0.22325957
Test_470,0.017225543,0.011510768,0.2061838,0.76507986
Test_471,0.10171024,0.006809272,0.6800203,0.21146016
Test_472,0.6776363,0.009416198,0.12748297,0.18546447
Test_473,0.25676623,0.056616645,0.069252595,0.61736447
Test_474,1.1109869e-05,0.0006907829,0.9990971,0.0002011061
Test_475,0.0071565243,0.021866295,0.010173229,0.9608039
Test_476,0.14087401,0.016589435,0.051540777,0.7909958
Test_477,0.0021183176,0.0028289026,0.00045031204,0.9946025
Test_478,0.0006169486,0.009427832,0.00081989943,0.98913527
Test_479,0.06430269,0.017851617,0.037278477,0.8805673
Test_480,0.004147211,0.14599231,0.36966935,0.48019114
Test_481,0.07186524,0.088560656,0.096302256,0.7432718
Test_482,0.25337026,0.08384595,0.032617822,0.630166
Test_483,0.19126783,0.026873868,0.6730738,0.10878448
Test_484,0.10873034,0.12556012,0.0764086,0.68930095
Test_485,0.9798344,0.00023926757,0.009433192,0.010493179
Test_486,0.0006304476,0.0012646538,0.000126683,0.99797827
Test_487,0.43501475,0.0028242734,0.0020998276,0.56006116
Test_488,0.10354389,0.15292998,0.40238604,0.34114003
Test_489,0.00019559619,0.09434985,0.90200853,0.0034460013
Test_490,0.28714198,0.0063095405,0.023769502,0.68277895
Test_491,0.19873711,0.0360857,0.6768941,0.08828304
Test_492,0.015994458,0.0074303076,0.0027618886,0.9738133
Test_493,0.0114027485,0.10018495,0.0429304,0.8454819
Test_494,0.023544388,0.15042026,0.6854447,0.14059068
Test_495,0.012917899,0.011641172,0.009062224,0.96637875
Test_496,0.93797773,0.002211322,0.010918163,0.048892748
Test_497,0.037191767,0.004058378,0.023081684,0.9356681
Test_498,0.4994852,0.0040272847,0.016629882,0.47985768
Test_499,0.03573821,0.024773683,0.53462887,0.40485922
Test_500,0.07078052,0.043900777,0.52621126,0.35910746
Test_501,0.8116835,0.018105973,0.060677275,0.10953333
Test_502,0.44617993,0.049700268,0.2596319,0.2444879
Test_503,0.07267343,0.028012438,0.20980954,0.68950456
Test_504,0.8600213,0.051844086,0.027081445,0.061053243
Test_505,0.32351065,0.008291985,0.27968732,0.38851005
Test_506,0.0055583385,0.7140612,0.07638336,0.20399715
Test_507,0.021310221,0.05633353,0.63940424,0.28295195
Test_508,0.00037328224,0.07942217,0.8999922,0.020212317
Test_509,7.865198e-05,0.0007804091,0.9981761,0.000964873
Test_510,0.01717207,0.044192906,0.58622414,0.35241085
Test_511,0.009025849,0.004567134,0.002356869,0.9840501
Test_512,0.5555982,0.008934889,0.29308584,0.14238104
Test_513,0.13430206,0.0037299178,0.0031197087,0.85884833
Test_514,0.6550364,0.101343244,0.010583574,0.2330368
Test_515,0.0136201475,0.050094217,0.8819583,0.054327324
Test_516,0.0003650763,0.034743004,0.8913189,0.073573016
Test_517,0.0051943143,0.018497257,0.010829789,0.9654787
Test_518,0.44884598,0.014857386,0.09168096,0.44461575
Test_519,0.03526935,0.016682113,0.021708075,0.9263405
Test_520,0.0084294835,0.2883213,0.10806106,0.5951882
Test_521,0.21116948,0.0066694063,0.011634564,0.7705265
Test_522,0.0040507605,0.051163953,0.64490145,0.29988378
Test_523,0.019134028,0.015246015,0.8979791,0.067640945
Test_524,0.1142986,0.052436247,0.2494889,0.58377624
Test_525,0.64826846,0.05435918,0.11795972,0.17941268
Test_526,0.08050248,0.12062101,0.15533003,0.6435465
Test_527,0.20332439,0.062653,0.48630333,0.24771933
Test_528,0.0016498249,0.0027160023,0.9141558,0.08147839
Test_529,0.7628196,0.015328896,0.019466463,0.20238498
Test_530,0.9354012,0.0029271205,0.016964382,0.04470726
Test_531,0.27997807,0.0707157,0.21886873,0.43043754
Test_532,0.26147342,0.36684462,0.21103671,0.16064532
Test_533,0.055197623,0.01634814,0.0636905,0.8647637
Test_534,0.18428646,0.023749724,0.025203548,0.7667602
Test_535,0.00057024864,0.010386893,0.98625135,0.0027915873
Test_536,0.45954832,0.08235471,0.20869213,0.24940489
Test_537,0.00340614,0.0035863824,0.9774735,0.015534057
Test_538,0.003875958,0.0017236897,0.0015928796,0.9928075
Test_539,0.03583443,0.03471187,0.3467442,0.58270943
Test_540,0.0027508012,0.004370215,0.9791555,0.013723443
Test_541,0.77300084,0.008765912,0.17698447,0.04124881
Test_542,0.8435453,0.002021178,0.011650641,0.14278293
Test_543,0.008664834,0.08980638,0.09137293,0.81015575
Test_544,0.16703007,0.09800872,0.26604274,0.46891847
Test_545,0.028052997,0.034086175,0.7267931,0.21106774
Test_546,0.22672905,0.021260904,0.19476114,0.55724895
Test_547,0.2789659,0.050428722,0.4959118,0.17469354
Test_548,0.0196855,0.09090266,0.7196456,0.16976617
Test_549,0.05414379,0.011333828,0.005878477,0.9286438
Test_550,0.06631808,0.033476055,0.015039491,0.8851664
Test_551,0.70193875,0.0066381036,0.18701525,0.1044079
Test_552,0.009149126,0.054939076,0.120760314,0.81515145
Test_553,0.009836953,0.0010762074,0.003612182,0.9854747
Test_554,0.09025458,0.074532874,0.0248085,0.8104041
Test_555,0.07096259,0.42807057,0.047220517,0.4537463
Test_556,0.6262482,0.060634863,0.0355137,0.27760324
Test_557,0.010963597,0.34583616,0.17981538,0.46338487
Test_558,0.065184966,0.2436593,0.17143875,0.519717
Test_559,0.8670477,0.009888148,0.0074573294,0.11560675
Test_560,0.0021598607,0.019351868,0.9711929,0.0072952607
Test_561,0.027029293,0.13318324,0.15365182,0.68613565
Test_562,0.22404638,0.04706754,0.58218306,0.14670303
Test_563,0.06030772,0.035510693,0.014402053,0.8897795
Test_564,0.036359634,0.169248,0.22683105,0.5675614
Test_565,0.008483579,0.068915226,0.8344685,0.088132694
Test_566,0.008369779,0.3657999,0.31449017,0.31134015
Test_567,0.26460776,0.04247866,0.06510902,0.6278046
Test_568,0.51387346,0.09523697,0.35289186,0.037997708
Test_569,0.2841202,0.10641958,0.2653903,0.34406987
Test_570,0.24220046,0.042780194,0.09562324,0.6193961
Test_571,0.39676523,0.0075451406,0.06599302,0.5296965
Test_572,0.33256394,0.11732034,0.17084737,0.37926838
Test_573,0.064453684,0.070052065,0.0064866464,0.8590076
Test_574,0.08941047,0.0037271113,0.035782974,0.8710794
Test_575,0.090156786,0.04921156,0.020218937,0.8404127
Test_576,0.03426071,0.09155102,0.079512045,0.79467624
Test_577,0.03030733,0.007956329,0.035750527,0.9259859
Test_578,0.015874423,0.01136183,0.025906673,0.94685715
Test_579,0.034380306,0.11488007,0.021476083,0.82926357
Test_580,0.00089610345,0.15767996,0.82217556,0.019248325
Test_581,0.52792287,0.02894548,0.022240033,0.42089158
Test_582,0.013845837,0.13289617,0.03346777,0.8197902
Test_583,0.65566367,0.013556353,0.006717662,0.3240624
Test_584,0.43427375,0.06637274,0.39591312,0.10344043
Test_585,0.024191055,0.30167285,0.518118,0.15601805
Test_586,0.14041437,0.12859307,0.014962733,0.7160298
Test_587,0.092672005,0.22711433,0.12834579,0.5518678
Test_588,0.0047645876,0.0020596194,0.8147079,0.17846796
Test_589,0.3126919,0.008275882,0.10527204,0.57376015
Test_590,0.043361068,0.05855573,0.8066501,0.09143312
Test_591,0.7849372,0.106354244,0.029106166,0.0796024
Test_592,0.062081624,0.0168015,0.00444031,0.9166766
Test_593,0.0052256924,0.019959485,0.94107836,0.03373638
Test_594,0.029036043,0.0063634086,0.4806043,0.48399627
Test_595,0.06504326,0.018576778,0.008645478,0.9077344
Test_596,0.25942189,0.019854784,0.1227239,0.5979994
Test_597,0.015927019,0.0020125152,0.0004795064,0.98158103
Test_598,0.38576293,0.1321601,0.07340388,0.40867314
Test_599,0.09719649,0.14610979,0.0187353,0.7379584
Test_600,0.008055964,0.099905916,0.80806667,0.083971396
Test_601,0.00040637137,0.002988812,0.00271184,0.993893
Test_602,0.004380137,0.005205366,0.015683131,0.9747313
Test_603,0.025292344,0.03700379,0.003745869,0.933958
Test_604,0.15305018,0.002664884,0.0044926116,0.8397924
Test_605,0.6675645,0.01440069,0.21912639,0.098908454
Test_606,0.6728699,0.021129685,0.0348042,0.2711962
Test_607,0.9198122,0.013683925,0.014130267,0.052373655
Test_608,0.0005665826,0.0056203976,0.0019124437,0.9919007
Test_609,0.33463958,0.013200847,0.039315417,0.6128441
Test_610,0.00076270394,0.055743486,0.028879356,0.9146145
Test_611,0.9074075,0.0037453305,0.011888194,0.076959014
Test_612,0.0022664184,0.003003738,0.9494341,0.045295734
Test_613,0.7312693,0.02141962,0.09459337,0.15271768
Test_614,0.046741966,0.22798076,0.4558548,0.26942253
Test_615,0.003114957,0.2076378,0.7669633,0.022283955
Test_616,0.24552497,0.00693234,0.009029257,0.73851335
Test_617,0.047394447,0.07219884,0.016898634,0.86350816
Test_618,0.07469631,0.039499648,0.100627445,0.78517663
Test_619,0.13908544,0.06374234,0.084420756,0.7127514
Test_620,0.0013022634,0.09187288,0.8323171,0.0745077
Test_621,0.022101846,0.0052224216,0.00053350895,0.9721423
Test_622,0.37059262,0.07311719,0.32584062,0.23044959
Test_623,0.024742717,0.37221953,0.15276721,0.45027056
Test_624,0.030289982,0.22195192,0.35324842,0.39450973
Test_625,0.010283931,0.015115676,0.005686507,0.96891385
Test_626,0.2671481,0.072480224,0.5150708,0.14530087
Test_627,0.44493872,0.007519824,0.033664763,0.5138767
Test_628,0.2418365,0.06324642,0.09713387,0.5977832
Test_629,0.6357337,0.0289399,0.083063714,0.25226274
Test_630,0.98551524,0.0014462641,0.0018246425,0.011213892
Test_631,0.2242201,0.06709598,0.4248516,0.2838323
Test_632,0.21229069,0.043380655,0.61886084,0.12546784
Test_633,0.5666084,0.07593241,0.27852398,0.07893516
Test_634,0.060243744,0.014336142,0.008000218,0.9174199
Test_635,0.58928543,0.009254745,0.039521758,0.361938
Test_636,0.017233303,0.09892167,0.02934225,0.85450274
Test_637,0.03267411,0.0066637103,0.9389473,0.021714848
Test_638,0.44058135,0.014849525,0.010291902,0.53427726
Test_639,0.010955766,0.034811728,0.8296899,0.12454257
Test_640,0.49765328,0.035161067,0.009671643,0.45751405
Test_641,0.0027728567,0.007043258,0.98870903,0.0014748069
Test_642,0.005335164,0.013720062,0.0014759307,0.9794688
Test_643,0.5891519,0.026437266,0.2844789,0.0999319
Test_644,0.028961709,0.013880039,0.0068658283,0.95029235
Test_645,0.8062401,0.014674512,0.05439675,0.124688596
Test_646,0.0020479406,0.014700965,0.9118771,0.07137394
Test_647,0.0025568185,0.36035618,0.52463615,0.11245078
Test_648,0.88272023,0.0019688364,0.016983507,0.09832736
Test_649,0.0031881824,0.022511989,0.92905146,0.04524833
Test_650,6.496456e-05,0.0075741033,0.9733753,0.0189856
Test_651,0.0088309,0.0074305763,0.0047971336,0.97894144
Test_652,0.28257298,0.027383689,0.50591093,0.18413241
Test_653,0.82634455,0.0074813724,0.013322953,0.15285106
Test_654,0.4037023,0.02321374,0.0972524,0.4758315
Test_655,0.00051611813,0.001379128,0.00038826116,0.99771655
Test_656,0.057868734,0.0027679256,0.0014113431,0.937952
Test_657,3.8033828e-05,0.027826322,0.97120935,0.00092627713
Test_658,0.8266075,0.010802487,0.13768214,0.024907833
Test_659,0.16309619,0.07512017,0.23178609,0.5299976
Test_660,0.030783268,0.025780076,0.9168888,0.026547853
Test_661,0.0064776973,0.005783741,0.0011950434,0.9865435
Test_662,0.0050074747,0.021475505,0.0027789287,0.9707381
Test_663,0.06714405,0.13254653,0.57808393,0.22222556
Test_664,0.0031614974,0.0042590927,0.9909434,0.0016361007
Test_665,0.20942077,0.077248335,0.13794285,0.575388
Test_666,0.3670369,0.03275916,0.266973,0.33323088
Test_667,0.43288347,0.11737551,0.088994585,0.36074635
Test_668,0.03665396,0.10234715,0.72354275,0.13745606
Test_669,0.0054189824,0.006506403,0.94825566,0.039818984
Test_670,0.0056551574,0.011463162,0.87592936,0.106952384
Test_671,0.24542564,0.017356047,0.057797242,0.67942107
Test_672,0.800875,0.015686752,0.05032764,0.1331106
Test_673,0.16794005,0.08421348,0.5345143,0.21333218
Test_674,0.0010724019,0.020383378,0.9743499,0.0041942545
Test_675,0.92393017,0.003939581,0.06354173,0.0085885385
Test_676,0.9099655,0.019320298,0.015189952,0.055524215
Test_677,0.0003230349,0.0020484077,0.0007023111,0.99692625
Test_678,0.016087322,0.001117247,0.0014936809,0.9813017
Test_679,0.48693344,0.0027668693,0.44426325,0.06603648
Test_680,0.15908475,0.024790762,0.08125389,0.7348705
Test_681,0.5216561,0.0725674,0.118113436,0.28766298
Test_682,0.7729672,0.011245941,0.0226454,0.19314142
Test_683,0.0048978743,0.0362902,0.011508539,0.94730335
Test_684,0.007879682,0.009110187,0.0040255147,0.97898465
Test_685,0.91762465,0.0065448964,0.0058126305,0.07001782
Test_686,0.0066591706,0.0016864629,0.00037319012,0.9912811
Test_687,0.96074384,0.0042296294,0.012983623,0.02204292
Test_688,0.023896456,0.010778878,0.33112058,0.63420415
Test_689,0.13237987,0.010144233,0.0070107025,0.85046524
Test_690,0.14672045,0.066071026,0.032000683,0.75520784
Test_691,0.95981866,0.0040420527,0.018462844,0.017676426
Test_692,0.013341452,0.07794924,0.374745,0.5339642
Test_693,0.6333578,0.01602187,0.038968835,0.3116514
Test_694,0.014339954,0.011090039,0.0003056281,0.97426444
Test_695,0.4416332,0.010380478,0.014892117,0.5330942
Test_696,0.0016110752,0.0026501543,0.99421126,0.0015275256
Test_697,0.043169733,0.0026749384,0.14017291,0.8139824
Test_698,0.122104,0.023936892,0.59063697,0.26332214
Test_699,0.00174684,0.0004989028,0.00140057,0.99635375
Test_700,0.0023749443,0.0007121138,0.9856102,0.011302772
Test_701,0.53297603,0.017972635,0.03759334,0.41145802
Test_702,0.33448473,0.06367214,0.05813109,0.54371214
Test_703,0.015007086,0.0031225965,0.9588035,0.023066854
Test_704,0.00019656155,0.0074422597,0.9755397,0.016821591
Test_705,0.0015367223,0.006943282,0.4408279,0.5506921
Test_706,0.6328184,0.07641475,0.075897194,0.21486965
Test_707,0.019980157,0.025082208,0.0027666504,0.95217097
Test_708,0.030240564,0.008123492,0.0016233309,0.9600127
Test_709,0.0010142243,0.021498412,0.95851225,0.018975168
Test_710,0.022405582,0.08166509,0.5356499,0.3602795
Test_711,0.258058,0.080897406,0.029145801,0.63189876
Test_712,0.043934405,0.016096804,0.058784507,0.8811843
Test_713,0.014548429,0.009482073,0.0052922727,0.9706772
Test_714,0.08397978,0.06395684,0.055341832,0.79672146
Test_715,0.004364796,0.014481656,0.98008543,0.0010680156
Test_716,0.027668737,0.002912568,0.0028834464,0.9665353
Test_717,0.2703927,0.0320982,0.39914992,0.2983592
Test_718,0.0886565,0.04617013,0.66695225,0.19822115
Test_719,0.21174651,0.018843122,0.37270173,0.39670867
Test_720,0.17852087,0.12128033,0.035270277,0.66492856
Test_721,0.09123594,0.07011733,0.71934545,0.11930125
Test_722,0.08639555,0.2601767,0.35981804,0.2936097
Test_723,0.905001,0.011719229,0.074656256,0.008623423
Test_724,0.15071458,0.0164364,0.8200678,0.012781231
Test_725,0.19064721,0.009193583,0.039028082,0.76113105
Test_726,0.20019707,0.10906476,0.2674101,0.42332816
Test_727,0.0009775189,0.020777022,0.09362981,0.8846156
Test_728,0.039578535,0.055127382,0.71898466,0.18630947
Test_729,0.014179095,0.0049875323,0.9674067,0.013426712
Test_730,0.009691301,0.014856373,0.0061942027,0.96925807
Test_731,0.05594251,0.09351555,0.3956093,0.4549326
Test_732,0.014970151,0.047555335,0.08564312,0.8518315
Test_733,0.058436915,0.051033743,0.010720559,0.8798088
Test_734,0.73147476,0.015390427,0.07183397,0.18130086
Test_735,0.53917027,0.036988843,0.06311385,0.36072707
Test_736,0.84019065,0.014636431,0.012932481,0.13224046
Test_737,0.11802932,0.017997568,0.19223183,0.6717413
Test_738,0.9337588,0.007860258,0.04993343,0.008447472
Test_739,0.0075136796,0.019709239,0.9608429,0.011934152
Test_740,0.020618508,0.025931079,0.020378705,0.9330717
Test_741,0.0012155809,0.0019262203,0.0003403632,0.9965178
Test_742,0.039188225,0.14448287,0.1089963,0.7073326
Test_743,0.13488221,0.11857242,0.54882306,0.19772229
Test_744,0.066163294,0.0010066123,0.0011423655,0.9316877
Test_745,0.6111722,0.010196228,0.021733642,0.35689792
Test_746,0.077842616,0.04340172,0.463964,0.41479164
Test_747,0.6347706,0.1067215,0.081802584,0.17670533
Test_748,0.11329501,0.09215307,0.13349415,0.6610577
Test_749,0.005434427,0.0007851428,0.00094912364,0.99283123
Test_750,0.10600491,0.057302598,0.011086031,0.8256065
Test_751,0.34004453,0.11942564,0.24408658,0.29644325
Test_752,0.054119643,0.0062792394,0.0037793564,0.9358218
Test_753,0.086997315,0.031610776,0.1119445,0.7694474
Test_754,0.0374986,0.09940884,0.022382298,0.8407102
Test_755,0.73008853,0.03201654,0.07402739,0.16386741
Test_756,0.8555285,0.0021766857,0.016755499,0.12553932
Test_757,0.011221396,0.010634831,0.0072875423,0.9708563
Test_758,0.58225584,0.0052350992,0.03277098,0.37973812
Test_759,0.027165174,0.20892042,0.015876431,0.748038
Test_760,0.124233276,0.0091027655,0.81299096,0.053673115
Test_761,0.0010753499,0.0010173201,2.592829e-05,0.99788135
Test_762,0.021812024,0.022257935,0.716,0.23993006
Test_763,0.010822069,0.009135917,0.88330567,0.096736416
Test_764,0.7015613,0.11810032,0.03862552,0.14171287
Test_765,0.053655062,0.016590722,0.007030474,0.92272365
Test_766,0.002420314,0.009841171,0.010633315,0.97710514
Test_767,0.35902092,0.009967325,0.0006051646,0.6304066
Test_768,0.14151126,0.0051644244,0.00517788,0.8481465
Test_769,0.0048190095,0.070594944,0.90765023,0.016935764
Test_770,0.62786484,0.0073303683,0.04572987,0.31907493
Test_771,0.00021679972,0.0068053687,0.9914425,0.0015353644
Test_772,0.20188454,0.066641994,0.33873278,0.39274073
Test_773,0.010665984,0.044093,0.36389363,0.5813474
Test_774,0.056671906,0.01852269,0.07298558,0.8518198
Test_775,0.49982554,0.012790398,0.09798216,0.38940185
Test_776,0.76090014,0.014396206,0.104209244,0.12049444
Test_777,0.9068636,0.0080621075,0.019127632,0.065946706
Test_778,0.6030623,0.039029118,0.13015181,0.2277568
Test_779,0.016923392,0.04964747,0.017651297,0.9157779
Test_780,0.70523596,0.005291068,0.025256274,0.26421678
Test_781,0.69350284,0.028492661,0.08224093,0.19576362
Test_782,0.0048098336,0.01706233,0.7246844,0.25344345
Test_783,0.05335319,0.19591013,0.6642371,0.08649966
Test_784,0.21804708,0.040254567,0.46595457,0.27574375
Test_785,0.82553226,0.0929326,0.032783005,0.04875211
Test_786,0.026142642,0.06233148,0.27643022,0.63509566
Test_787,0.0103245545,0.034068394,0.89798725,0.05761976
Test_788,0.22117715,0.0013347667,0.0011556122,0.77633244
Test_789,0.52102005,0.018608725,0.089010574,0.37136066
Test_790,0.0019499293,0.01669923,0.009015275,0.9723355
Test_791,0.0065381504,0.05148278,0.01601931,0.9259598
Test_792,0.1248694,0.025166504,0.76915157,0.080812514
Test_793,0.0010913474,0.11344742,0.8753281,0.010133138
Test_794,0.0088465605,0.08381245,0.2372738,0.6700672
Test_795,0.09204542,0.0014729945,0.002596317,0.9038853
Test_796,0.008153664,0.0018417822,0.9882585,0.0017459542
Test_797,0.9312802,0.0005692245,0.0064685554,0.061682053
Test_798,0.00021466763,0.017850634,0.9803208,0.001613915
Test_799,0.00040419036,0.0021688926,0.9971058,0.00032115463
Test_800,0.02435348,0.052386925,0.64184576,0.28141388
Test_801,0.0016712537,0.018004537,0.97186196,0.008462259
Test_802,0.012849719,0.041166425,0.902968,0.04301594
Test_803,0.012769358,0.05759603,0.07246059,0.85717404
Test_804,0.057719026,0.057050984,0.08720257,0.79802734
Test_805,0.0008525823,0.00033691275,0.9972362,0.0015743484
Test_806,0.45374894,0.115193546,0.14732295,0.28373465
Test_807,0.026640784,0.27768293,0.2921635,0.40351278
Test_808,0.438251,0.04576418,0.24715838,0.26882643
Test_809,0.077276066,0.008026228,0.0010979681,0.9135997
Test_810,0.0034160484,0.033006854,0.90331435,0.06026272
Test_811,0.6647545,0.05093336,0.042298764,0.24201328
Test_812,0.010023195,0.06514195,0.8415168,0.08331805
Test_813,0.7572288,0.008463206,0.062386896,0.17192109
Test_814,0.49084622,0.008397552,0.014643155,0.4861131
Test_815,0.005970349,0.008260012,0.0023938662,0.98337585
Test_816,0.010016617,0.024404803,0.034128252,0.9314503
Test_817,0.021296384,0.05864032,0.08503505,0.8350282
Test_818,0.19523452,0.044272628,0.078518525,0.6819743
Test_819,0.7834777,0.0055179396,0.10336613,0.10763814
Test_820,0.8151004,0.0029509717,0.02117672,0.16077192
Test_821,0.006475794,0.06454045,0.0023990076,0.9265847
Test_822,0.15224123,0.0408445,0.095722355,0.7111919
Test_823,0.6338837,0.035892293,0.10364099,0.22658294
Test_824,0.13495657,0.015585116,0.023250448,0.82620794
Test_825,0.002577973,0.16361028,0.6730685,0.16074319
Test_826,0.06284235,0.009861223,0.7418506,0.18544576
Test_827,0.085271016,0.010105351,0.811003,0.093620576
Test_828,0.017998237,0.1615,0.64819866,0.17230305
Test_829,0.14210251,0.036465686,0.10464251,0.7167893
Test_830,0.020094851,0.0072153136,0.9702185,0.0024713934
Test_831,0.16431773,0.044934846,0.23625785,0.5544896
Test_832,0.9870515,0.00024168777,0.004957733,0.0077490956
Test_833,0.025457008,0.018966638,0.9154657,0.04011072
Test_834,0.002295779,0.0044613755,0.981499,0.01174393
Test_835,0.05842333,0.20314005,0.5788235,0.15961306
Test_836,0.59099466,0.021739133,0.023054995,0.36421123
Test_837,0.18622807,0.042115584,0.038042337,0.733614
Test_838,0.25861755,0.06429748,0.17333344,0.5037516
Test_839,0.00565269,0.0316448,0.8908787,0.07182388
Test_840,0.23124208,0.06731464,0.60161114,0.099832125
Test_841,0.013138336,0.0044659157,0.0051984917,0.97719723
Test_842,0.95278674,0.00048006105,0.007249798,0.039483387
Test_843,0.002945105,0.17062776,0.8025302,0.023896925
Test_844,0.20608419,0.08232984,0.16977791,0.54180807
Test_845,0.0072200177,0.019185655,0.7677026,0.20589171
Test_846,0.822483,0.008760557,0.0069922777,0.16176412
Test_847,0.06901158,0.07912223,0.048772715,0.8030935
Test_848,0.28210244,0.11820812,0.20250282,0.39718664
Test_849,0.009478963,0.020719612,0.011905769,0.9578957
Test_850,0.037806798,0.026170379,0.67200583,0.26401696
Test_851,0.070801534,0.006951736,0.04755653,0.87469023
Test_852,0.24116115,0.012265716,0.049254175,0.697319
Test_853,0.0037228425,0.10862623,0.13013183,0.75751907
Test_854,0.024122417,0.00080374186,0.0143092275,0.9607645
Test_855,0.0058323788,0.040580787,0.0027954588,0.95079136
Test_856,0.59142447,0.10307977,0.25057852,0.054917246
Test_857,0.081586376,0.020545248,0.21642436,0.68144405
Test_858,0.021927541,0.037785348,0.8669782,0.07330892
Test_859,0.021804655,0.008551982,0.004816364,0.96482706
Test_860,0.9631314,0.002999061,0.012029106,0.021840474
Test_861,0.03196208,0.06635141,0.24711837,0.6545681
Test_862,0.6688049,0.012783686,0.26336777,0.055043623
Test_863,0.124260046,0.014145544,0.027465051,0.8341293
Test_864,0.10022953,0.03823459,0.70489377,0.15664212
Test_865,0.19919449,0.14211278,0.39641458,0.2622782
Test_866,0.004300368,0.0144071365,0.9157838,0.065508634
Test_867,0.26330248,0.12619501,0.036731336,0.5737712
Test_868,0.039293315,0.0074013956,0.8899358,0.06336943
Test_869,0.01120027,0.0107800495,0.0029424725,0.9750772
Test_870,0.31081486,0.02168075,0.23085275,0.4366516
Test_871,0.52466244,0.008651162,0.07025955,0.39642695
Test_872,0.17196628,0.011173286,0.01500489,0.80185556
Test_873,0.031086605,0.018985871,0.0027614047,0.94716614
Test_874,0.4199909,0.07413243,0.045738112,0.46013853
Test_875,0.04305502,0.052005224,0.0019265979,0.9030132
Test_876,0.123385146,0.091925524,0.11510391,0.66958547
Test_877,0.39820662,0.011437424,0.003632595,0.5867234
Test_878,0.5380798,0.029587274,0.043824207,0.38850865
Test_879,0.12210999,0.009713668,0.18939684,0.6787795
Test_880,0.0007111524,0.012288284,0.9836775,0.0033230248
Test_881,0.47323856,0.036456633,0.11425459,0.37605014
Test_882,0.24361245,0.06975634,0.039058186,0.64757305
Test_883,0.13867266,0.09869481,0.33776402,0.4248685
Test_884,0.14459611,0.046598915,0.25906104,0.54974395
Test_885,0.46406838,0.09447994,0.206047,0.23540458
Test_886,0.21146862,0.003783968,0.6916536,0.09309375
Test_887,0.12702706,0.1456686,0.19837701,0.5289273
Test_888,0.021504948,0.013035876,0.95570546,0.009753696
Test_889,0.18022178,0.012814893,0.7856717,0.021291642
Test_890,0.23715526,0.046555784,0.1461237,0.5701652
Test_891,0.41641283,0.010910572,0.29930153,0.27337515
Test_892,0.11099774,0.038650453,0.643845,0.2065068
Test_893,0.068248376,0.13163708,0.0350353,0.76507926
Test_894,0.107688576,0.099640585,0.047238916,0.7454319
Test_895,0.85770464,0.00062797917,0.10591483,0.03575247
Test_896,0.14520994,0.017243024,0.0038152349,0.83373183
Test_897,0.74749196,0.008038085,0.11292493,0.13154502
Test_898,0.012257997,0.04200249,0.01504511,0.93069446
Test_899,0.1067443,0.013534667,0.84061426,0.039106816
Test_900,0.0036274185,0.023646206,0.0032050968,0.9695212
Test_901,0.0051894276,0.099767,0.3397171,0.55532646
Test_902,0.6357535,0.03461987,0.10067605,0.22895059
Test_903,0.006594961,0.018758494,0.96518177,0.009464778
Test_904,0.32195783,0.043752387,0.04779488,0.5864949
Test_905,0.0039050158,0.060433816,0.21869111,0.71697015
Test_906,0.004838205,0.001649075,0.98117423,0.0123384455
Test_907,0.49312845,0.021210745,0.055902664,0.42975813
Test_908,0.029099772,0.046305843,0.01797618,0.9066182
Test_909,0.60645264,0.046745256,0.27206534,0.07473674
Test_910,0.0048243273,0.09126282,0.19796067,0.70595217
Test_911,0.28666344,0.05112176,0.026373362,0.6358414
Test_912,0.00011712095,0.03536243,0.95832044,0.006200051
Test_913,0.0014442628,0.0232248,0.97245854,0.0028724473
Test_914,0.0070358226,0.0017123335,0.0019263948,0.9893254
Test_915,0.00057324726,0.00084455294,0.9938857,0.004696581
Test_916,0.035960134,0.026850931,0.011659569,0.9255293
Test_917,0.008074815,0.054229457,0.30566743,0.6320284
Test_918,0.014943514,0.008168173,0.9629217,0.01396665
Test_919,0.14467618,0.022319205,0.31056625,0.52243835
Test_920,0.005634062,0.0032815505,0.9547955,0.03628878
Test_921,0.26290867,0.11678199,0.10455397,0.51575536
Test_922,0.96341205,0.0038294226,0.0069386004,0.025819836
Test_923,0.2624692,0.07920417,0.25541297,0.40291363
Test_924,0.08055061,0.2047515,0.14260827,0.5720896
Test_925,0.73701775,0.007848918,0.008995684,0.24613763
Test_926,0.020722028,0.009334955,0.7862507,0.18369228
Test_927,0.19524859,0.055178337,0.05939966,0.6901734
Test_928,0.018023578,0.0115479035,0.7965752,0.17385344
Test_929,0.19833598,0.043268465,0.028013421,0.7303821
Test_930,0.3962542,0.053066872,0.08795436,0.46272457
Test_931,0.8048179,0.030758612,0.07668879,0.087734714
Test_932,0.008965739,0.016227705,0.012509209,0.9622974
Test_933,0.5954897,0.012557884,0.006186222,0.38576627
Test_934,0.38410476,0.06256601,0.28306538,0.2702639
Test_935,0.14323609,0.13984261,0.05327488,0.66364634
Test_936,0.031230971,0.0012644365,0.0094889,0.9580156
Test_937,0.5308633,0.015533595,0.26098043,0.19262265
Test_938,0.03451241,0.02820568,0.017732708,0.9195492
Test_939,0.6795791,0.007841417,0.07920791,0.23337159
Test_940,0.0034210642,0.025098119,0.0077562574,0.9637246
Test_941,0.1043193,0.019194374,0.012580855,0.8639055
Test_942,0.071562685,0.17934059,0.010187646,0.73890907
Test_943,4.6587505e-05,0.0074601597,0.9921442,0.00034905344
Test_944,0.1780377,0.069020785,0.21724842,0.5356931
Test_945,0.71975285,0.07655883,0.097421706,0.10626659
Test_946,0.0014691318,0.021975553,0.84859186,0.12796345
Test_947,0.09793841,0.028488329,0.048697717,0.82487553
Test_948,0.60701126,0.062275425,0.24141559,0.08929772
Test_949,0.7740927,0.027779603,0.055202674,0.14292502
Test_950,0.002099737,0.010745743,0.0007117115,0.9864428
Test_951,0.006867139,0.008623313,0.80332786,0.18118167
Test_952,0.0012701777,0.04222078,0.046351045,0.91015804
Test_953,0.002237831,0.0025921694,0.0021596125,0.99301034
Test_954,0.70867425,0.009519979,0.030949255,0.2508565
Test_955,0.43763807,0.058479037,0.1138199,0.39006293
Test_956,0.004843257,0.008193517,0.0013569369,0.98560625
Test_957,0.42453983,0.0042589726,0.006537687,0.5646636
Test_958,0.0013106592,0.0031921205,0.00744969,0.9880476
Test_959,0.01215401,0.00062955543,0.9826299,0.004586545
Test_960,0.11342992,0.10789745,0.55698943,0.22168323
Test_961,0.022608269,0.028218009,0.014160258,0.9350135
Test_962,0.4429045,0.030985113,0.1314959,0.3946144
Test_963,0.2696543,0.042894147,0.026811993,0.6606395
Test_964,0.007530742,0.10826844,0.6953933,0.18880755
Test_965,0.5602805,0.13025153,0.108703084,0.20076482
Test_966,0.28572044,0.13902059,0.21013556,0.36512345
Test_967,0.0165147,0.06257839,0.8316725,0.08923451
Test_968,0.76550114,0.004143289,0.114063166,0.116292395
Test_969,0.003525834,0.08386384,0.8913213,0.021289047
Test_970,0.9392025,0.0023084711,0.0010569725,0.057432134
Test_971,0.05814971,0.008737391,0.010474198,0.9226387
Test_972,0.000495351,0.0007836578,0.99598527,0.00273573
Test_973,0.0006256766,0.026575904,0.8410499,0.13174859
Test_974,0.3362461,0.070430174,0.18028611,0.4130376
Test_975,0.5264024,0.009794956,0.088532135,0.37527046
Test_976,0.12216574,0.009023956,0.58228433,0.28652602
Test_977,0.018431673,0.016627612,0.06915695,0.8957837
Test_978,0.003170268,0.00897769,0.95952404,0.028328076
Test_979,0.7637848,0.0025340687,0.19741075,0.036270402
Test_980,0.06849248,0.05163772,0.024516111,0.8553537
Test_981,0.11208327,0.0031110377,0.0013663941,0.88343924
Test_982,0.94567287,0.0002901128,0.0021374272,0.05189964
Test_983,0.028630633,0.027088344,0.017667938,0.9266131
Test_984,0.004549005,0.0042139045,0.0011601966,0.99007696
Test_985,0.082951814,0.01672804,0.08811111,0.81220895
Test_986,0.0014362325,0.011312503,0.0007148894,0.98653644
Test_987,0.011182716,0.09739904,0.2643612,0.6270571
Test_988,0.8321445,0.051966567,0.059608787,0.05628013
Test_989,0.7146841,0.026686998,0.06987186,0.18875702
Test_990,0.10529925,0.09528894,0.044255063,0.75515676
Test_991,0.0055195554,0.08376859,0.4132597,0.4974522
Test_992,0.4242356,0.053386208,0.021721216,0.5006569
Test_993,0.2481201,0.046347138,0.18495448,0.5205782
Test_994,0.27892685,0.01065112,0.020298475,0.6901235
Test_995,0.13872913,0.011122305,0.79065365,0.059494983
Test_996,0.0495905,0.3051182,0.07730296,0.56798834
Test_997,0.00045910626,0.0008081345,0.9977137,0.0010190527
Test_998,0.09657947,0.1275935,0.591996,0.183831
Test_999,0.21069704,0.011274536,0.73627794,0.041750453
Test_1000,0.005049802,0.044442113,0.59672743,0.35378063
Test_1001,0.106501095,0.017775688,0.09827548,0.77744776
Test_1002,0.22389472,0.027180728,0.5948236,0.15410097
Test_1003,0.12956351,0.054879427,0.33669752,0.47885948
Test_1004,0.40107977,0.0045988522,0.012765872,0.5815554
Test_1005,0.87480193,0.013765138,0.07406917,0.03736378
Test_1006,0.015695464,0.0031757017,0.006522141,0.97460663
Test_1007,0.0015188339,0.014515335,0.00013058766,0.9838352
Test_1008,0.077819385,0.041441046,0.052414075,0.8283255
Test_1009,0.0078995945,0.009014709,0.95345384,0.02963185
Test_1010,0.19217674,0.016314456,0.7705859,0.020922925
Test_1011,0.0006950412,0.0013227091,0.99730694,0.00067536207
Test_1012,0.12082798,0.014909859,0.053432666,0.8108295
Test_1013,0.013781124,0.037356097,0.82745403,0.12140882
Test_1014,0.12216156,0.044926386,0.66855353,0.16435851
Test_1015,0.30572495,0.01631301,0.01504715,0.6629149
Test_1016,0.102393515,0.010866769,0.7694308,0.1173089
Test_1017,0.122711904,0.041319005,0.71748143,0.118487634
Test_1018,0.026532039,0.005102325,0.008012284,0.9603534
Test_1019,0.13196711,0.017032942,0.28949296,0.561507
Test_1020,0.46764293,0.015070583,0.48865828,0.028628219
Test_1021,0.089658126,0.025561724,0.8464489,0.038331218
Test_1022,0.10917197,0.0955169,0.29271424,0.50259686
Test_1023,0.82665765,0.011482182,0.1206751,0.04118507
Test_1024,0.9190515,0.00778937,0.029096017,0.04406305
Test_1025,0.00405224,0.013902682,0.025200956,0.9568442
Test_1026,0.14631096,0.043065704,0.66126466,0.1493586
Test_1027,0.0036877622,0.0044894502,0.0074886754,0.98433405
Test_1028,0.86063045,0.0133826025,0.07636022,0.049626753
Test_1029,0.5796418,0.07212534,0.25320864,0.09502425
Test_1030,0.23834005,0.042601015,0.23416004,0.4848988
Test_1031,0.21214649,0.0046963226,0.003968857,0.7791884
Test_1032,0.010770249,0.009886217,0.0006000146,0.9787435
Test_1033,0.005088423,0.0018314164,0.9358404,0.057239752
Test_1034,0.0023247404,0.010618725,0.96713555,0.019920928
Test_1035,0.087498695,0.016398076,0.57846683,0.3176364
Test_1036,0.24966298,0.012259567,0.072544076,0.6655334
Test_1037,0.21160577,0.051163793,0.19901899,0.53821146
Test_1038,0.0015239753,0.010203148,0.00978659,0.9784863
Test_1039,0.10446705,0.015598524,0.0035525144,0.8763819
Test_1040,0.2775447,0.018469825,0.008386406,0.695599
Test_1041,0.024700258,0.08082741,0.27652615,0.6179462
Test_1042,0.124655634,0.32390028,0.5251573,0.026286831
Test_1043,0.030688232,0.1698184,0.35023418,0.4492592
Test_1044,0.003025731,0.0057722237,0.003975917,0.9872262
Test_1045,0.26660055,0.0096755065,0.38378653,0.33993742
Test_1046,0.5933816,0.0030597337,0.0010470205,0.40251166
Test_1047,0.68069273,0.013211841,0.0141233215,0.29197207
Test_1048,0.13027947,0.0043588327,0.037053183,0.82830846
Test_1049,0.0008639487,0.009035848,0.008791832,0.9813084
Test_1050,0.026035981,0.0907934,0.42606258,0.45710808
Test_1051,0.020263119,0.009262815,0.001446723,0.96902734
Test_1052,0.24863319,0.09558198,0.11664864,0.53913623
Test_1053,0.015327142,0.11186633,0.83829135,0.034515094
Test_1054,0.94365937,0.0056667933,0.035737988,0.014935879
Test_1055,0.013883867,0.07298113,0.085663214,0.8274718
Test_1056,0.07234402,0.024373494,0.8635944,0.03968801
Test_1057,0.0026535634,0.0010435224,0.00038966074,0.9959132
Test_1058,0.65646243,0.01324999,0.023720846,0.30656666
Test_1059,0.24956527,0.012398032,0.024486274,0.71355045
Test_1060,0.12409065,0.024093587,0.037506334,0.8143095
Test_1061,0.59158635,0.03371458,0.06283565,0.31186348
Test_1062,0.8787266,0.0074638417,0.02987788,0.08393168
Test_1063,0.0076266127,0.052081753,0.9068042,0.03348746
Test_1064,0.027367929,0.008831826,0.02966084,0.9341395
Test_1065,0.73669064,0.006060854,0.026233464,0.23101504
Test_1066,0.14663891,0.0060772514,0.00089919695,0.84638464
Test_1067,0.06299311,0.005858135,0.015445278,0.91570354
Test_1068,0.12420662,0.11609878,0.2860527,0.4736419
Test_1069,0.07206096,0.10189138,0.68689024,0.13915744
Test_1070,0.17214964,0.06737741,0.12076795,0.63970494
Test_1071,0.39536905,0.086921014,0.44809824,0.06961167
Test_1072,0.08206617,0.093776286,0.098179474,0.7259781
Test_1073,0.007839967,0.043685533,0.109816074,0.83865833
Test_1074,0.18615672,0.054397024,0.5786485,0.18079771
Test_1075,0.004020269,0.15752012,0.5734946,0.264965
Test_1076,0.058856823,0.04421817,0.023877392,0.8730476
Test_1077,0.87702817,0.020566473,0.06441425,0.03799106
Test_1078,0.20241068,0.024591578,0.61042154,0.16257629
Test_1079,0.013728959,0.13475952,0.6371071,0.21440445
Test_1080,0.83480334,0.05150951,0.028093455,0.08559377
Test_1081,0.014586141,0.034122605,0.008330425,0.94296086
Test_1082,0.4285503,0.009994309,0.27356535,0.28789005
Test_1083,0.86709434,0.012653953,0.0671472,0.053104494
Test_1084,0.07601741,0.21100575,0.40871146,0.30426547
Test_1085,0.020877648,0.01633698,0.0028828755,0.95990247
Test_1086,0.032903735,0.08120339,0.04708215,0.8388108
Test_1087,0.048760172,0.043333102,0.009061443,0.89884526
Test_1088,0.00031346758,0.027025245,0.9702719,0.0023894056
Test_1089,0.1653006,0.08140158,0.020283857,0.733014
Test_1090,0.118627,0.022988657,0.21204056,0.6463437
Test_1091,0.41451332,0.029141728,0.12899268,0.42735222
Test_1092,0.084995866,0.07312575,0.113391176,0.7284872
Test_1093,0.012277924,0.057348143,0.03975104,0.8906229
Test_1094,0.4177644,0.019753436,0.11962542,0.44285673
Test_1095,0.0023061475,0.00038496047,0.00036884483,0.99694014
Test_1096,0.44011322,0.025607673,0.08413869,0.45014042
Test_1097,0.95215505,0.0011260455,0.004133021,0.042585913
Test_1098,0.40262574,0.055819586,0.09309719,0.44845745
Test_1099,0.14484717,0.004324618,0.0077720783,0.8430561
Test_1100,0.0027650297,0.0030206705,0.9813395,0.012874698
Test_1101,0.34423438,0.06924893,0.2606602,0.32585657
Test_1102,0.115225144,0.077036895,0.72951025,0.07822767
Test_1103,0.262362,0.028465757,0.12002978,0.58914244
Test_1104,0.007254384,0.0024884231,0.0010654171,0.98919183
Test_1105,0.0003223429,0.0032073392,0.038427737,0.9580426
Test_1106,0.84277815,0.010657031,0.067053735,0.07951112
Test_1107,0.00027691407,0.007049188,0.91801894,0.07465506
Test_1108,0.8831672,0.00624843,0.07078561,0.039798774
Test_1109,0.4724267,0.030575944,0.102592126,0.3944052
Test_1110,0.008135142,0.005395318,0.9850402,0.0014293315
Test_1111,4.6596986e-05,0.0053318148,0.9831861,0.011435382
Test_1112,0.90808266,0.025161663,0.04165601,0.025099728
Test_1113,0.069616996,0.02860299,0.4826419,0.4191381
Test_1114,0.0065670107,0.0015050435,0.98500764,0.006920216
Test_1115,0.013362506,0.05862767,0.87469393,0.053315893
Test_1116,0.0046263416,0.0020012716,0.9833513,0.010021019
Test_1117,0.44627258,0.03818586,0.30106786,0.21447365
Test_1118,0.0072245873,0.009868519,0.9446748,0.03823204
Test_1119,0.006153599,0.009452243,0.0017750011,0.98261917
Test_1120,0.0073965346,0.13569617,0.16854899,0.6883583
Test_1121,0.040785138,0.5188616,0.20107466,0.23927855
Test_1122,0.035242986,0.026169965,0.03556389,0.9030231
Test_1123,0.5503167,0.016359197,0.27489167,0.15843244
Test_1124,0.0022557331,0.0034511418,0.98927015,0.005022977
Test_1125,0.12965581,0.0006226375,0.013032596,0.8566889
Test_1126,0.9474565,0.021764245,0.009278192,0.021501161
Test_1127,0.09072649,0.041922543,0.070040494,0.7973104
Test_1128,0.2316406,0.013166365,0.60622984,0.14896315
Test_1129,0.00064556533,0.0242564,0.9702389,0.004859045
Test_1130,0.056715146,0.019106684,0.015990002,0.90818816
Test_1131,0.701941,0.010349055,0.038080256,0.2496297
Test_1132,0.11183081,0.17963962,0.15566385,0.55286574
Test_1133,0.75847024,0.011771921,0.029023534,0.20073424
Test_1134,0.08383449,0.04406138,0.30358744,0.5685167
Test_1135,0.23424205,0.066412695,0.0069777984,0.6923675
Test_1136,0.035791617,0.004899974,0.0363937,0.9229147
Test_1137,0.13558666,0.004196435,0.017338343,0.8428785
Test_1138,0.26834616,0.12038528,0.026687691,0.5845809
Test_1139,0.01844188,0.11162077,0.1004453,0.7694921
Test_1140,0.22239776,0.08032766,0.018469462,0.6788052
Test_1141,0.018506309,0.003568046,0.00474137,0.9731843
Test_1142,0.0049053216,0.1289425,0.46632892,0.3998233
Test_1143,0.26540276,0.032720417,0.01872129,0.6831556
Test_1144,0.078974165,0.11837249,0.7148572,0.08779612
Test_1145,0.17292741,0.01759548,0.17621803,0.6332591
Test_1146,0.008374019,0.2160621,0.3693662,0.4061977
Test_1147,0.057983354,0.028596563,0.013534747,0.89988536
Test_1148,0.00462843,0.0102456,0.03985589,0.9452701
Test_1149,0.21219088,0.116311416,0.15850255,0.5129952
Test_1150,0.33025214,0.08055809,0.23695329,0.35223657
Test_1151,0.44232515,0.025640972,0.27221927,0.25981456
Test_1152,0.978092,0.0052227075,0.0079973405,0.008687934
Test_1153,0.4843013,0.008745201,0.060307413,0.44664603
Test_1154,0.47531483,0.051865563,0.24167812,0.23114151
Test_1155,0.012130372,0.04643559,0.88985395,0.05158014
Test_1156,0.033410307,0.032079812,0.05620288,0.878307
Test_1157,0.0018189921,0.0004125046,0.00027655385,0.99749196
Test_1158,0.0785999,0.16572827,0.24690302,0.5087689
Test_1159,0.09949218,0.013377777,0.8543866,0.032743443
Test_1160,0.7586674,0.019282216,0.14897639,0.07307401
Test_1161,0.046180774,0.10688973,0.1642839,0.6826457
Test_1162,0.042091317,0.046820715,0.03079494,0.880293
Test_1163,0.8088928,0.0035540638,0.01983352,0.16771966
Test_1164,0.44054827,0.040895704,0.38177004,0.13678606
Test_1165,0.0034016382,0.021014445,0.9644412,0.011142758
Test_1166,0.113050744,0.004880511,0.0005721042,0.8814966
Test_1167,0.006582361,0.14884447,0.81020856,0.034364663
Test_1168,0.01882174,0.025592502,0.8879012,0.06768457
Test_1169,0.0018060624,0.0020518466,0.0013486538,0.9947935
Test_1170,0.44398773,0.03128891,0.09430833,0.43041512
Test_1171,0.2027713,0.013313875,0.03741084,0.74650395
Test_1172,0.6262899,0.0069419635,0.001538051,0.36523017
Test_1173,0.29853293,0.033040244,0.24523757,0.42318916
Test_1174,0.00030083378,0.0031719746,0.0027306853,0.99379647
Test_1175,0.0043029743,0.057431087,0.5767879,0.361478
Test_1176,0.030729009,0.0686498,0.007861247,0.8927599
Test_1177,0.4470764,0.028800096,0.31046304,0.21366045
Test_1178,0.73502314,0.0026430604,0.23708688,0.025246989
Test_1179,0.21866888,0.05980663,0.54751587,0.17400864
Test_1180,0.24339153,0.0552925,0.0856245,0.61569136
Test_1181,0.018189074,0.04934474,0.61208594,0.3203803
Test_1182,0.42937866,0.009258267,0.015741138,0.54562193
Test_1183,0.47805974,0.008679304,0.01720544,0.49605548
Test_1184,0.038956888,0.10896684,0.73346794,0.11860838
Test_1185,0.012264133,0.10152882,0.18733811,0.698869
Test_1186,0.011695964,0.19017813,0.5343129,0.26381305
Test_1187,0.018494986,0.018411044,0.0049053086,0.9581887
Test_1188,0.1937398,0.09081319,0.10237793,0.6130692
Test_1189,0.060925264,0.03016773,0.0145299705,0.8943771
Test_1190,0.0031517977,0.28700033,0.5911966,0.11865131
Test_1191,0.04581309,0.0076413737,0.0051397006,0.9414059
Test_1192,0.0003138805,0.0023182079,0.99459356,0.0027744088
Test_1193,0.22216487,0.09397556,0.28685823,0.39700133
Test_1194,0.8584651,0.010475999,0.07656286,0.054496136
Test_1195,0.9627978,0.0042894846,0.014257659,0.018655041
Test_1196,0.0018388855,0.0023387312,0.0027535867,0.9930688
Test_1197,0.05341136,0.02374746,0.020804612,0.90203655
Test_1198,0.031972416,0.02203594,0.89366907,0.052322518
Test_1199,0.0032611666,0.011561968,0.9599159,0.02526093
Test_1200,0.06519967,0.2897867,0.18694504,0.45806852
Test_1201,0.49434724,0.021420319,0.083019115,0.40121332
Test_1202,0.063013285,0.017870089,0.041595448,0.87752116
Test_1203,0.42251,0.07540825,0.16067515,0.34140658
Test_1204,0.024008812,0.09929901,0.0075559183,0.8691363
Test_1205,0.09940691,0.12499154,0.33017823,0.4454233
Test_1206,0.3426741,0.025674729,0.5552058,0.07644533
Test_1207,0.023502484,0.033457845,0.084064744,0.8589749
Test_1208,0.0059266468,0.027092569,0.0119988285,0.95498204
Test_1209,0.14330356,0.114667766,0.47001764,0.272011
Test_1210,0.10754716,0.019462628,0.011798455,0.86119175
Test_1211,0.107697524,0.09578456,0.14636251,0.6501554
Test_1212,0.24220046,0.042780194,0.09562324,0.6193961
Test_1213,0.04793367,0.007408104,0.0132753495,0.9313829
Test_1214,0.02710086,0.05589587,0.04295272,0.8740505
Test_1215,0.01452038,0.0027494873,0.00031442847,0.9824157
Test_1216,0.02706018,0.0038676453,0.9502234,0.018848835
Test_1217,0.01083355,0.004466928,0.0023194838,0.98238003
Test_1218,0.1892847,0.007900134,0.02039489,0.7824203
Test_1219,0.0020420128,0.013205567,0.9841888,0.0005635866
Test_1220,0.0826122,0.046412334,0.0073846094,0.86359096
Test_1221,0.4212978,0.06706111,0.08189486,0.42974624
Test_1222,0.026575517,0.040925667,0.52338874,0.40911004
Test_1223,0.41074544,0.03480109,0.06382466,0.4906289
Test_1224,0.008947865,0.121919155,0.026489697,0.84264326
Test_1225,0.05322601,0.040202826,0.64155847,0.26501265
Test_1226,0.037678964,0.013302563,0.87082404,0.078194365
Test_1227,0.010246371,0.06520269,0.9085892,0.015961815
Test_1228,0.123444855,0.019129908,0.82706493,0.030360233
Test_1229,0.6425833,0.048115436,0.19617802,0.11312329
Test_1230,0.005972761,0.014805929,0.96796215,0.011259182
Test_1231,0.11845544,0.057956673,0.045302615,0.7782852
Test_1232,0.5746755,0.032805767,0.02573458,0.36678416
Test_1233,0.048282024,0.036340818,0.16844104,0.746936
Test_1234,0.024636509,0.07198467,0.79094684,0.112431996
Test_1235,0.05880635,0.01130008,0.70689493,0.22299865
Test_1236,0.043805398,0.01640751,0.0030728339,0.9367143
Test_1237,0.009822874,0.08030327,0.54941636,0.36045745
Test_1238,0.0027962532,0.023755025,0.7861205,0.18732823
Test_1239,0.15106615,0.016745003,0.017503547,0.81468534
Test_1240,0.02114365,0.17906338,0.7036151,0.09617787
Test_1241,0.91195637,0.0011095322,0.007938037,0.07899599
Test_1242,0.07300959,0.013865599,0.0052081537,0.90791667
Test_1243,0.12124124,0.10035841,0.66742885,0.11097148
Test_1244,0.22389156,0.018156908,0.01166558,0.746286
Test_1245,0.20892332,0.047686376,0.0039144377,0.73947585
Test_1246,0.117936,0.13258591,0.07263374,0.6768443
Test_1247,0.0067162835,0.011442961,0.72293675,0.25890413
Test_1248,0.050344758,0.111329995,0.18402447,0.6543008
Test_1249,0.004297409,0.1973765,0.31208917,0.48623687
Test_1250,0.017634038,0.29795086,0.049977627,0.63443744
Test_1251,0.003452788,0.014929438,0.0062691276,0.97534865
Test_1252,0.0027151017,0.06679478,0.78791994,0.14257015
Test_1253,0.088745765,0.016352966,0.03761481,0.85728645
Test_1254,0.7108126,0.010750072,0.020252371,0.258185
Test_1255,0.09029273,0.2057127,0.0776026,0.62639195
Test_1256,0.0010024103,0.2582932,0.6819322,0.05877208
Test_1257,0.0025482445,0.0005278433,0.0018266237,0.9950972
Test_1258,0.11083572,0.016551377,0.027240701,0.8453722
Test_1259,0.88185316,0.042251796,0.050482888,0.025412202
Test_1260,0.1077522,0.10075058,0.20340116,0.5880961
Test_1261,0.00013270217,0.013818544,0.9815979,0.0044508604
Test_1262,0.50095415,0.068348266,0.16962726,0.26107028
Test_1263,0.0071098534,0.0060494756,0.97998387,0.006856778
Test_1264,0.038584962,0.021613853,0.0027335268,0.9370676
Test_1265,0.30976245,0.0040578614,0.0036993558,0.68248034
Test_1266,0.014582597,0.00943868,0.9576767,0.018301973
Test_1267,0.13952538,0.0217191,0.52160096,0.3171546
Test_1268,0.7688463,0.013062528,0.10171196,0.11637921
Test_1269,0.016400691,0.085339144,0.2716161,0.62664413
Test_1270,0.01704752,0.14929019,0.01935284,0.81430954
Test_1271,0.22716624,0.007871636,0.01207261,0.7528896
Test_1272,0.07254127,0.16066743,0.3161865,0.45060483
Test_1273,0.3023141,0.05971557,0.064780094,0.5731902
Test_1274,0.34594566,0.09752924,0.105959,0.45056614
Test_1275,0.004745846,0.017485825,0.9608263,0.016942075
Test_1276,0.025505703,0.021182042,0.0025608365,0.9507514
Test_1277,0.010693858,0.043611974,0.78269,0.16300419
Test_1278,0.06414935,0.005466828,0.007984607,0.9223993
Test_1279,0.035410654,0.005552566,0.009966299,0.94907045
Test_1280,0.029617036,0.0060133124,0.948031,0.016338583
Test_1281,0.05846429,0.17156978,0.07818151,0.6917844
Test_1282,0.31651473,0.039741263,0.060772177,0.58297175
Test_1283,0.16978,0.09325718,0.08704123,0.64992166
Test_1284,0.24373552,0.1493741,0.08030825,0.5265822
Test_1285,0.47431308,0.072504595,0.020834744,0.43234766
Test_1286,0.8191576,0.009831766,0.025545595,0.14546506
Test_1287,0.71706814,0.033030983,0.022929357,0.22697148
Test_1288,0.74075687,0.014987266,0.17515072,0.069105126
Test_1289,0.047975842,0.0205355,0.10507327,0.8264153
Test_1290,0.024764238,0.013110123,0.00949649,0.9526292
Test_1291,0.25751013,0.09873574,0.07750282,0.56625134
Test_1292,0.02861484,0.07260515,0.3312785,0.56750154
Test_1293,0.00053473125,0.013265463,0.00051878614,0.98568106
Test_1294,0.059662323,0.027852524,0.0037324415,0.9087527
Test_1295,0.001034941,0.0016377353,0.984018,0.013309211
Test_1296,0.8397413,0.021814676,0.046410553,0.09203346
Test_1297,0.011279484,0.029046828,0.010162874,0.9495108
Test_1298,0.0034993035,0.0045362264,0.9886868,0.0032777418
Test_1299,0.005902488,0.021160496,0.89701176,0.075925276
Test_1300,0.00015233058,0.004648504,0.9951526,4.6552228e-05
Test_1301,0.023106923,0.31047824,0.47156724,0.19484758
Test_1302,0.02979069,0.0044508646,0.0014994725,0.964259
Test_1303,0.009396312,0.014093895,0.9482276,0.028282192
Test_1304,0.036570586,0.1622986,0.22745104,0.5736797
Test_1305,0.37951118,0.05172287,0.03120374,0.53756225
Test_1306,0.02353903,0.0066478215,0.0045111557,0.96530205
Test_1307,0.00068891083,0.04360378,0.90064406,0.055063132
Test_1308,0.13483149,0.012545556,0.012773209,0.8398497
Test_1309,0.4311602,0.1256358,0.054749984,0.38845402
Test_1310,0.28536496,0.065052174,0.11777977,0.53180313
Test_1311,0.9686679,0.0030119375,0.00886674,0.019453488
Test_1312,0.6368713,0.019854473,0.15368554,0.18958871
Test_1313,0.15100868,0.11309485,0.5918545,0.14404196
Test_1314,0.01187358,0.07738887,0.8360507,0.074686825
Test_1315,0.8890424,0.011991814,0.052283,0.046682857
Test_1316,0.888785,0.00026759598,0.00015327154,0.11079404
Test_1317,0.0009099387,0.00047325145,0.0012986613,0.9973181
Test_1318,0.2198582,0.15890053,0.058275223,0.5629661
Test_1319,0.035801567,0.026426727,0.5800765,0.3576952
Test_1320,0.40758824,0.017238565,0.003644924,0.57152826
Test_1321,0.16464835,0.0286863,0.69161326,0.11505215
Test_1322,0.94320726,0.003289179,0.0051766164,0.048326965
Test_1323,0.0016437247,0.017464008,0.9136844,0.06720783
Test_1324,0.2857515,0.009771269,0.0116518615,0.6928253
Test_1325,0.0003994371,0.010397736,0.0029966186,0.98620623
Test_1326,0.057791214,0.02896894,0.034880534,0.8783594
Test_1327,0.019982697,0.024467522,0.7239712,0.2315786
Test_1328,0.032414816,0.08249436,0.027277213,0.8578136
Test_1329,0.0007540646,0.0042691566,0.993436,0.0015409059
Test_1330,0.19317043,0.026468376,0.35587826,0.42448294
Test_1331,8.072594e-05,0.009221934,0.98926544,0.0014318434
Test_1332,0.24819727,0.058202013,0.042810358,0.65079033
Test_1333,0.059257954,0.01837182,0.06579242,0.8565778
Test_1334,0.043445386,0.016975554,0.015137919,0.9244412
Test_1335,0.08964206,0.12512581,0.508662,0.27657017
Test_1336,0.038335547,0.087256394,0.341942,0.532466
Test_1337,0.38404968,0.06028529,0.19426332,0.36140177
Test_1338,0.4642041,0.046795253,0.28170002,0.20730066
Test_1339,0.6327576,0.04218177,0.028066846,0.29699382
Test_1340,0.2664133,0.026150733,0.036738623,0.67069733
Test_1341,0.32935905,0.048041344,0.5613819,0.06121774
Test_1342,0.054401007,0.037664812,0.13787737,0.77005684
Test_1343,0.009596618,0.011385013,0.013514383,0.96550393
Test_1344,0.03178221,0.048378386,0.87847495,0.04136453
Test_1345,0.06835613,0.04847903,0.5080419,0.3751229
Test_1346,0.06984603,0.052467436,0.04889801,0.8287885
Test_1347,0.06724261,0.030859923,0.008334713,0.89356285
Test_1348,0.7627624,0.012952017,0.10132201,0.12296349
Test_1349,0.045459133,0.08751332,0.07355747,0.79347
Test_1350,0.5548247,0.025302406,0.068732806,0.35114002
Test_1351,0.010860352,0.05592033,0.10019817,0.83302104
Test_1352,0.28379735,0.029907875,0.26801327,0.41828156
Test_1353,0.15169774,0.014284699,0.07637719,0.75764036
Test_1354,0.510801,0.029979283,0.118584156,0.3406356
Test_1355,0.64898217,0.06552804,0.11397346,0.17151633
Test_1356,0.00017021493,0.00017373275,3.0651416e-05,0.9996253
Test_1357,0.00031137187,0.029455114,0.92093426,0.049299307
Test_1358,0.06044,0.0076438873,0.003334304,0.9285819
Test_1359,0.65035707,0.015483278,0.15165943,0.18250023
Test_1360,0.065753326,0.0461953,0.12036224,0.7676891
Test_1361,0.0052029183,0.10130457,0.7358152,0.15767732
Test_1362,0.10633701,0.066992864,0.3830414,0.4436287
Test_1363,0.0016558496,0.069756106,0.68415713,0.24443085
Test_1364,0.035334833,0.026668156,0.6381639,0.29983312
Test_1365,0.8479602,0.013746173,0.009640658,0.12865302
Test_1366,0.028180031,0.039144903,0.028497303,0.9041778
Test_1367,0.03876161,0.04684846,0.8829096,0.031480324
Test_1368,0.085037395,0.1730209,0.1355247,0.606417
Test_1369,0.5411576,0.038011063,0.23413391,0.18669738
Test_1370,0.043843295,0.021596434,0.87823343,0.056326862
Test_1371,0.14244634,0.019883398,0.04080524,0.796865
Test_1372,0.18869507,0.023543928,0.12728135,0.66047966
Test_1373,0.26588145,0.08654003,0.1146635,0.532915
Test_1374,0.025350992,0.1092274,0.4292407,0.4361809
Test_1375,0.07774885,0.03795123,0.1129348,0.7713651
Test_1376,0.77879226,0.004361275,0.019960564,0.19688591
Test_1377,0.058889292,0.042299423,0.51436716,0.38444418
Test_1378,0.39716682,0.08769759,0.20982708,0.30530846
Test_1379,0.0005261169,0.011227207,0.00023642345,0.9880102
Test_1380,0.28784332,0.049809948,0.031799767,0.63054687
Test_1381,0.30560622,0.024723068,0.10180435,0.56786644
Test_1382,0.009262151,0.015710544,0.9645233,0.010503985
Test_1383,0.0015244816,0.0018181517,0.00012626342,0.99653107
Test_1384,0.001243115,0.011988258,9.570797e-05,0.9866729
Test_1385,0.0027922152,0.0009495845,0.00066784857,0.9955903
Test_1386,0.1525608,0.04184495,0.6469497,0.15864457
Test_1387,0.03262286,0.024430916,0.012811569,0.93013465
Test_1388,0.0016744146,0.009881861,0.94934595,0.039097775
Test_1389,0.0033954766,0.0064258976,0.012712981,0.9774656
Test_1390,0.028473496,0.032200042,0.9163499,0.022976551
Test_1391,0.0009866382,0.028013304,0.8795145,0.091485605
Test_1392,0.011920452,0.17217213,0.32466006,0.4912474
Test_1393,0.11575987,0.016894424,0.65959865,0.20774701
Test_1394,0.0021401301,0.04708398,0.016863884,0.93391204
Test_1395,0.008087604,0.23030621,0.7247934,0.03681281
Test_1396,0.006957847,0.028452197,0.075343095,0.88924694
Test_1397,0.00020058425,0.014501538,0.96991783,0.015379975
Test_1398,0.0037645805,0.012829715,0.9381133,0.04529238
Test_1399,0.052772973,0.21248569,0.2949553,0.43978602
Test_1400,0.12077154,0.005709544,0.008039156,0.8654798
Test_1401,0.00015597635,0.0015087688,0.000229369,0.9981059
Test_1402,0.8700072,0.021347487,0.05983459,0.048810728
Test_1403,0.025700029,0.019083614,0.09524484,0.8599716
Test_1404,0.0052662864,0.097553395,0.88153297,0.015647225
Test_1405,0.008036292,0.017526561,0.96922046,0.0052167084
Test_1406,0.007115547,0.022881687,0.9319118,0.038090866
Test_1407,0.034079947,0.021807581,0.014109133,0.93000335
Test_1408,0.6329997,0.008360306,0.03852225,0.32011768
Test_1409,0.030660314,0.006560983,0.05767551,0.9051032
Test_1410,0.17484197,0.033153463,0.2948285,0.49717605
Test_1411,0.032237045,0.020995311,0.06106635,0.8857013
Test_1412,0.010750332,0.007776646,0.013559561,0.96791345
Test_1413,0.003506015,0.0019351772,0.0042840894,0.99027467
Test_1414,0.0074754315,0.01802053,0.9583151,0.016189026
Test_1415,0.19186206,0.0070469626,0.017044824,0.7840462
Test_1416,0.7763614,0.03040552,0.030323682,0.16290946
Test_1417,0.024401426,0.00653097,0.037848614,0.931219
Test_1418,0.19966635,0.051392723,0.35504785,0.39389312
Test_1419,0.019866219,0.035192054,0.25341517,0.69152653
Test_1420,0.7541112,0.07297778,0.040775143,0.13213596
Test_1421,0.011406515,0.0013535819,0.00055999047,0.98668
Test_1422,0.010624626,0.16207963,0.09192742,0.7353683
Test_1423,0.105836235,0.0048113475,0.58194697,0.30740538
Test_1424,0.60024554,0.0077023404,0.07868854,0.31336355
Test_1425,0.76214117,0.013877272,0.12699813,0.096983455
Test_1426,0.057700034,0.011614354,0.9167651,0.013920495
Test_1427,0.007899623,0.0032850169,0.008972873,0.9798425
Test_1428,0.08151497,0.05349359,0.03173209,0.8332593
Test_1429,0.83256626,0.030292375,0.008370206,0.12877119
Test_1430,0.5066764,0.02750241,0.10260832,0.36321294
Test_1431,0.7171577,0.03078754,0.06937256,0.18268226
Test_1432,0.20414859,0.023082996,0.5407074,0.23206097
Test_1433,0.0044832835,0.0132675,0.8738361,0.10841318
Test_1434,0.11477477,0.0459161,0.6450842,0.19422488
Test_1435,0.013683487,0.042765796,0.01670252,0.9268482
Test_1436,0.0067072012,0.17153342,0.2762914,0.545468
Test_1437,0.38280773,0.11752858,0.29867673,0.20098698
Test_1438,0.04861599,0.124407575,0.28752634,0.5394501
Test_1439,0.118476145,0.008286363,0.046268463,0.82696897
Test_1440,0.005179419,0.0044004004,0.008124314,0.9822958
Test_1441,0.0285159,0.01947326,0.797727,0.15428384
Test_1442,0.4675547,0.05748186,0.09026887,0.38469467
Test_1443,0.5542612,0.013119,0.24403813,0.18858168
Test_1444,0.0001875546,0.003304126,0.9956762,0.0008321113
Test_1445,0.047216542,0.0068856985,0.013404966,0.9324928
Test_1446,0.8515492,0.022585075,0.082993224,0.042872433
Test_1447,0.0750493,0.01709674,0.011001511,0.89685255
Test_1448,0.42016733,0.044185262,0.21352474,0.32212266
Test_1449,0.18741237,0.05126579,0.46071416,0.3006076
Test_1450,0.20026898,0.015479845,0.3661659,0.41808525
Test_1451,0.28231215,0.04715563,0.017125834,0.6534064
Test_1452,0.0016233501,0.002838202,0.0001489152,0.99538946
Test_1453,0.055784255,0.015756158,0.84493595,0.083523594
Test_1454,0.93570703,0.0012065507,0.025237994,0.037848435
Test_1455,0.047566243,0.049497306,0.10018412,0.8027524
Test_1456,0.0003495811,0.0043776883,0.99434316,0.0009296425
Test_1457,0.047319386,0.030690245,0.9087264,0.013263953
Test_1458,0.05671286,0.01343181,0.0051902956,0.9246651
Test_1459,0.0018465052,0.02925107,0.11403307,0.85486937
Test_1460,0.2957805,0.02636537,0.106738284,0.57111585
Test_1461,0.00016534554,0.006663893,0.9563446,0.036826212
Test_1462,0.00078580657,0.0003110048,0.99783224,0.0010710063
Test_1463,0.009163095,0.089106664,0.8049405,0.09678973
Test_1464,0.0012482802,0.19267029,0.35151824,0.45456317
Test_1465,0.0013299639,0.028742548,0.9546563,0.015271171
Test_1466,0.6971972,0.042578507,0.17142926,0.088794984
Test_1467,0.6635047,0.016775778,0.038942482,0.28077704
Test_1468,0.027830034,0.06323752,0.017972074,0.89096034
Test_1469,0.95262307,0.004604267,0.03435242,0.008420199
Test_1470,0.0012136422,0.0044746804,0.0023321004,0.9919796
Test_1471,0.010992033,0.12136372,0.21804777,0.6495966
Test_1472,0.07890573,0.05507547,0.3586739,0.50734484
Test_1473,0.70153,0.013383406,0.0476907,0.23739591
Test_1474,0.24606656,0.052591667,0.38449028,0.3168515
Test_1475,0.0035911135,0.01839336,0.9022546,0.075761005
Test_1476,0.0055831145,0.0018662482,0.00078714255,0.9917636
Test_1477,0.0028148144,0.0007543412,0.0013910575,0.9950399
Test_1478,0.0039261174,0.001235972,0.9939469,0.00089102425
Test_1479,0.042469013,0.018302899,0.029690271,0.9095379
Test_1480,0.00055022334,0.012151214,0.9857838,0.0015148303
Test_1481,0.556005,0.019539865,0.33057997,0.09387505
Test_1482,0.005120776,0.036244716,0.021521907,0.9371126
Test_1483,0.007156035,0.008320933,0.00076522,0.9837579
Test_1484,0.21268502,0.27012217,0.23931678,0.277876
Test_1485,0.37516364,0.10297585,0.18758826,0.3342722
Test_1486,0.03694228,0.0008507423,0.8910611,0.071145914
Test_1487,0.04338191,0.016129619,0.9113458,0.029142614
Test_1488,0.011933023,0.016576424,0.012099148,0.9593915
Test_1489,0.003792697,0.075070165,0.48972023,0.43141684
Test_1490,0.2271854,0.057537366,0.4161439,0.2991333
Test_1491,0.0011021718,0.058212247,0.9158325,0.024853162
Test_1492,0.009196122,0.015654242,0.9372078,0.03794188
Test_1493,0.7589469,0.042483386,0.04993077,0.14863889
Test_1494,0.81088257,0.06165215,0.08801952,0.039445676
Test_1495,0.40641418,0.12157105,0.17635697,0.29565787
Test_1496,0.04747716,0.011421695,0.0071044085,0.9339968
Test_1497,0.55509514,0.049402714,0.37957785,0.015924234
Test_1498,0.039421033,0.14064425,0.35474634,0.46518832
Test_1499,0.2169453,0.15596879,0.49227887,0.13480707
Test_1500,0.31493005,0.024132071,0.044405207,0.6165326
Test_1501,0.3267386,0.16078424,0.21267627,0.2998008
Test_1502,0.40494168,0.03361437,0.011957577,0.54948634
Test_1503,0.6273989,0.004421448,0.2463025,0.12187711
Test_1504,0.04200627,0.26123828,0.07736554,0.6193899
Test_1505,0.05929964,0.14300445,0.30134007,0.49635595
Test_1506,0.2640867,0.10352465,0.061777838,0.5706108
Test_1507,0.91840243,0.004255112,0.018381914,0.058960546
Test_1508,0.4176659,0.030368425,0.23854077,0.31342497
Test_1509,0.00022527063,0.002326903,0.00050772494,0.99694014
Test_1510,0.20037185,0.07282746,0.105916254,0.6208844
Test_1511,0.2224741,0.06256436,0.066036254,0.64892524
Test_1512,0.03508791,0.10832268,0.83410424,0.022485204
Test_1513,0.031033793,0.0083087925,0.95414305,0.0065143765
Test_1514,0.31495482,0.070990935,0.40114707,0.21290712
Test_1515,0.0117132,0.014912356,0.9651119,0.008262537
Test_1516,0.02143638,0.017455895,0.025867613,0.9352401
Test_1517,0.007188214,0.091749355,0.55053073,0.3505317
Test_1518,0.00095718633,0.0066933446,0.0010169265,0.9913325
Test_1519,0.0041735223,0.05001033,0.066862196,0.87895405
Test_1520,0.021279331,0.035141103,0.024174493,0.9194051
Test_1521,0.7260715,0.008457018,0.059241667,0.20622982
Test_1522,0.050565988,0.07351852,0.29205695,0.58385855
Test_1523,0.12594216,0.07137372,0.14433345,0.6583506
Test_1524,0.7467049,0.0345801,0.09985046,0.11886454
Test_1525,0.99763095,0.00028046488,0.00058381364,0.0015047143
Test_1526,0.0075528445,0.047171347,0.021116579,0.9241592
Test_1527,0.074877925,0.03865978,0.33455643,0.55190593
Test_1528,0.020682907,0.0115911765,0.01792718,0.9497987
Test_1529,0.003241481,0.024915937,0.94455415,0.027288357
Test_1530,0.5116396,0.03830306,0.32320642,0.12685095
Test_1531,0.04319285,0.1332248,0.5905811,0.23300117
Test_1532,0.5119421,0.007478187,0.02194598,0.45863372
Test_1533,0.007770436,0.01708366,0.87299246,0.10215347
Test_1534,0.26508763,0.030996801,0.007412071,0.6965035
Test_1535,0.051419407,0.03766054,0.14072438,0.7701957
Test_1536,0.04819448,0.17364606,0.14819731,0.62996215
Test_1537,0.004978912,0.004583052,0.0081214495,0.98231655
Test_1538,0.42439863,0.007269389,0.4199678,0.14836426
Test_1539,0.12604474,0.14502987,0.5904163,0.13850912
Test_1540,0.018216254,0.007172439,0.0041271443,0.9704842
Test_1541,0.07471371,0.03901995,0.041855782,0.8444106
Test_1542,0.16996029,0.12421211,0.36573392,0.3400936
Test_1543,0.001427393,0.0042831833,0.98880076,0.00548876
Test_1544,0.024262313,0.0048767347,0.041324057,0.92953694
Test_1545,0.012702889,0.0005776915,0.0020239505,0.9846955
Test_1546,0.5894374,0.024506498,0.13884133,0.2472147
Test_1547,0.9609711,0.0029076794,0.010152938,0.025968306
Test_1548,0.27800143,0.018366855,0.04276785,0.6608639
Test_1549,0.0729131,0.04119987,0.14595827,0.7399288
Test_1550,0.042555854,0.049992945,0.00963671,0.8978145
Test_1551,0.0017327484,0.012115848,0.0052902065,0.98086125
Test_1552,0.012442007,0.07142736,0.03677918,0.87935144
Test_1553,0.10856147,0.03188854,0.03385099,0.825699
Test_1554,0.01947956,0.2497241,0.5896426,0.14115372
Test_1555,0.2218758,0.017090626,0.018640758,0.7423928
Test_1556,0.0022454935,0.027548142,0.95472443,0.015481935
Test_1557,0.008761661,0.005338563,0.0013397099,0.98456013
Test_1558,0.0018730693,0.0047340407,0.98447555,0.008917316
Test_1559,0.0062496974,0.08391428,0.69482595,0.2150101
Test_1560,0.5262122,0.043305457,0.11874,0.31174228
Test_1561,0.0016987198,0.0027063447,0.018393466,0.97720146
Test_1562,0.19723736,0.09818715,0.52861965,0.17595583
Test_1563,0.0012507879,0.114228405,0.572513,0.31200778
Test_1564,0.29780316,0.0482314,0.021775091,0.63219035
Test_1565,0.012802312,0.1604211,0.5901825,0.23659408
Test_1566,0.01301101,0.025587497,0.00871046,0.9526911
Test_1567,0.0016680389,0.007347738,0.9833903,0.0075939503
Test_1568,0.011520868,0.07295026,0.8154524,0.10007644
Test_1569,0.0015935383,0.015574846,0.81187534,0.17095624
Test_1570,0.5668156,0.020751305,0.26287144,0.14956167
Test_1571,0.0017295198,0.047171235,0.9014994,0.049599912
Test_1572,0.2741814,0.06858046,0.33152458,0.3257136
Test_1573,0.16394073,0.01260433,0.49312526,0.33032966
Test_1574,0.17999257,0.06824508,0.3471968,0.40456557
Test_1575,0.0061246906,0.46918544,0.39820242,0.12648737
Test_1576,0.5185636,0.011167339,0.06769757,0.4025714
Test_1577,0.025177693,0.1347808,0.7819042,0.058137316
Test_1578,0.008910735,0.0046948777,0.98239475,0.0039996356
Test_1579,0.7579267,0.022439787,0.1204864,0.09914701
Test_1580,0.75002694,0.028326362,0.06499022,0.15665653
Test_1581,0.021854032,0.011528859,0.0038931703,0.9627239
Test_1582,0.011319625,0.01816916,0.8522968,0.118214354
Test_1583,0.07038956,0.013238037,0.6713615,0.24501084
Test_1584,0.08841977,0.0089794425,0.041345496,0.8612552
Test_1585,0.0033915513,0.060195386,0.3518834,0.5845295
Test_1586,0.24359109,0.040900122,0.58292836,0.13258049
Test_1587,0.014645508,0.017748693,0.8967005,0.07090538
Test_1588,0.05977746,0.031432763,0.006148549,0.90264124
Test_1589,0.0059722257,0.04949654,0.9281414,0.016389817
Test_1590,0.021782327,0.04478432,0.6714502,0.2619832
Test_1591,0.30033746,0.10139189,0.2861734,0.31209728
Test_1592,0.91876715,0.0037209413,0.017572502,0.059939373
Test_1593,0.012394381,0.0054939296,0.0060622063,0.97604954
Test_1594,0.30183867,0.0510725,0.122716025,0.52437276
Test_1595,0.09662502,0.029831922,0.8274497,0.046093307
Test_1596,0.22316569,0.058052152,0.31532016,0.40346193
Test_1597,8.306561e-05,0.0056031635,0.9890926,0.0052211815
Test_1598,0.11848006,0.034747418,0.007671427,0.83910114
Test_1599,0.1212971,0.06430242,0.20717168,0.60722876
Test_1600,0.41660428,0.038402934,0.11327746,0.43171528
Test_1601,0.010600338,0.010384905,0.0049442127,0.97407055
Test_1602,0.24343471,0.0405695,0.499381,0.21661483
Test_1603,0.00037495553,0.008505603,0.9824473,0.008672075
Test_1604,0.0037648524,0.00607885,0.9802729,0.00988341
Test_1605,0.059245054,0.06109727,0.055513054,0.8241447
Test_1606,0.0013464391,0.03533051,0.013616531,0.94970644
Test_1607,0.25813627,0.068342455,0.09465254,0.5788687
Test_1608,0.050364193,0.26004237,0.4369134,0.25268006
Test_1609,0.32199216,0.060738415,0.22009951,0.39716998
Test_1610,0.9137708,0.008090377,0.01771744,0.06042139
Test_1611,0.012864308,0.021050336,0.0037391353,0.96234626
Test_1612,0.0022999535,0.10687208,0.31041148,0.5804165
Test_1613,0.27466258,0.22010262,0.02259206,0.48264268
Test_1614,0.00021998228,0.0034653035,0.9952858,0.0010289676
Test_1615,0.0087788785,0.000539195,6.531061e-05,0.9906166
Test_1616,0.0058126245,0.042988166,0.92537165,0.02582756
Test_1617,0.18596736,0.0045425417,0.2054296,0.60406053
Test_1618,0.44626564,0.030270396,0.097558364,0.42590562
Test_1619,0.5711099,0.014673022,0.034262627,0.37995446
Test_1620,0.17957558,0.0759509,0.20987889,0.53459466
Test_1621,0.021604542,0.046830058,0.0015575893,0.9300078
Test_1622,0.7951731,0.014837084,0.02059322,0.16939665
Test_1623,0.012617414,0.036034536,0.08515724,0.8661908
Test_1624,0.5920541,0.013674388,0.016403247,0.37786826
Test_1625,0.059058778,0.008056796,0.35660356,0.57628083
Test_1626,0.003344665,0.0143036265,0.97586274,0.006488961
Test_1627,0.0026011427,0.37887433,0.31480163,0.3037229
Test_1628,0.033283457,0.031219076,0.05081977,0.88467765
Test_1629,0.05747092,0.014981736,0.017291207,0.9102561
Test_1630,0.0016000983,0.011711278,0.019892983,0.96679574
Test_1631,0.02167316,0.007568461,0.86783844,0.10291994
Test_1632,0.2392891,0.059164435,0.54686403,0.15468243
Test_1633,0.04034623,0.0061647417,0.93122303,0.022266032
Test_1634,0.015917275,0.11682982,0.7748772,0.092375785
Test_1635,0.0006421839,0.04513982,0.88734275,0.06687524
Test_1636,0.0141347265,0.056501396,0.05207667,0.8772871
Test_1637,0.20496607,0.03042734,0.034139786,0.73046684
Test_1638,0.7120934,0.010146081,0.049143,0.22861747
Test_1639,0.021048391,0.028394483,0.09429618,0.8562609
Test_1640,0.9583567,0.012806225,0.005187603,0.023649523
Test_1641,0.016580125,0.0126916645,0.0044427193,0.9662855
Test_1642,0.44414154,0.018604323,0.02353282,0.5137213
Test_1643,0.5400774,0.038278833,0.1755552,0.24608858
Test_1644,0.010516499,0.14705423,0.07305212,0.7693772
Test_1645,0.006327505,0.12463141,0.7093083,0.1597328
Test_1646,0.40231404,0.0003552747,0.018680802,0.57864994
Test_1647,0.07876507,0.013828158,0.38665304,0.5207538
Test_1648,0.00071121653,0.051765442,0.8382754,0.10924797
Test_1649,0.012080162,0.021783093,0.86307347,0.103063256
Test_1650,0.118563145,0.01858796,0.073380135,0.78946877
Test_1651,0.08424491,0.03399793,0.139236,0.7425211
Test_1652,0.003096041,0.005660713,0.9897086,0.0015345814
Test_1653,0.17132495,0.13778192,0.20391476,0.48697838
Test_1654,0.07629079,0.028953498,0.019467631,0.8752881
Test_1655,0.025982339,0.0012672496,0.0030323104,0.96971816
Test_1656,0.039120484,0.019002594,0.75501734,0.18685958
Test_1657,0.3224688,0.027362783,0.20818833,0.4419801
Test_1658,0.028545324,0.061405867,0.6640462,0.24600255
Test_1659,0.20273048,0.057644915,0.6090158,0.13060875
Test_1660,0.0007808897,0.08352225,0.0015200749,0.9141768
Test_1661,0.0438109,0.23473611,0.56697416,0.15447886
Test_1662,0.8551795,0.021948397,0.0032403464,0.11963181
Test_1663,0.01353433,0.059634466,0.6832286,0.24360257
Test_1664,0.0053089056,0.0031086819,0.00032146645,0.99126107
Test_1665,0.13518418,0.07765159,0.445039,0.34212527
Test_1666,0.019318247,0.069260545,0.24547662,0.6659446
Test_1667,0.7614842,0.020010225,0.05194613,0.1665595
Test_1668,0.0004361372,0.009817278,0.0020985056,0.9876481
Test_1669,0.07133718,0.21066079,0.4379776,0.28002432
Test_1670,0.015310941,0.05489882,0.018803673,0.91098654
Test_1671,0.60072213,0.019850617,0.26892993,0.11049726
Test_1672,0.0019470905,0.18196644,0.24954145,0.56654495
Test_1673,0.0066335658,0.021908112,0.013581993,0.9578764
Test_1674,0.015867248,0.0066287937,0.00078745297,0.9767165
Test_1675,0.79355395,0.00047084736,0.025954599,0.1800206
Test_1676,0.118180335,0.012659245,0.04499352,0.82416695
Test_1677,0.3047145,0.13860904,0.06605463,0.4906219
Test_1678,0.05991526,0.037004665,0.8650832,0.03799685
Test_1679,0.094592005,0.042176835,0.017295517,0.84593564
Test_1680,0.06937225,0.040589254,0.05713551,0.83290297
Test_1681,0.03548851,0.02632865,0.09927037,0.8389125
Test_1682,0.002208744,0.32865572,0.31277615,0.35635936
Test_1683,0.23471595,0.024268556,0.42291203,0.3181035
Test_1684,0.79136354,0.0141732115,0.14642264,0.048040517
Test_1685,0.58010304,0.03509411,0.024170147,0.3606327
Test_1686,0.79275596,0.010848266,0.07749793,0.11889788
Test_1687,0.27675715,0.048588477,0.22446126,0.45019314
Test_1688,9.932047e-05,0.002804351,0.99612457,0.00097186543
Test_1689,0.4251459,0.021677133,0.0541738,0.49900314
Test_1690,0.13129136,0.05255753,0.041619055,0.774532
Test_1691,0.0048978743,0.0362902,0.011508539,0.94730335
Test_1692,0.031694345,0.0863693,0.35703745,0.524899
Test_1693,0.028182743,0.007875137,0.005670846,0.95827127
Test_1694,0.07999036,0.13044311,0.6564185,0.13314797
Test_1695,0.07239886,0.06264057,0.47564197,0.38931865
Test_1696,0.6091433,0.013115421,0.052133083,0.32560816
Test_1697,0.07157762,0.037690762,0.6918444,0.19888721
Test_1698,0.31677648,0.057478856,0.08837132,0.5373733
Test_1699,0.0043067546,0.011386975,0.0017099438,0.9825963
Test_1700,0.90459824,0.013006377,0.026059099,0.05633631
Test_1701,0.009742292,0.057143275,0.14153226,0.7915821
Test_1702,0.005413742,0.032277532,0.54820544,0.4141032
Test_1703,0.21638435,0.012487656,0.6422087,0.12891923
Test_1704,0.83218855,0.058343723,0.013023926,0.09644386
Test_1705,0.17258728,0.04753674,0.53420573,0.24567029
Test_1706,0.77331626,0.03673466,0.020030333,0.16991866
Test_1707,0.60554427,0.025512913,0.04424961,0.3246932
Test_1708,0.009677684,0.010319186,0.69910765,0.28089547
Test_1709,0.0019439091,0.120850034,0.59496474,0.28224134
Test_1710,0.2842203,0.02630996,0.6607727,0.028697092
Test_1711,0.0731614,0.0036865175,0.003601963,0.9195501
Test_1712,0.010214548,0.02915349,0.9209442,0.039687768
Test_1713,0.0031465017,0.02706794,0.7392073,0.23057827
Test_1714,0.49615163,0.043392222,0.008222807,0.4522334
Test_1715,0.003129585,0.0022347693,0.00077333674,0.9938624
Test_1716,0.69961905,0.0007264885,0.01825751,0.28139696
Test_1717,0.010590648,0.031427547,0.020954216,0.9370276
Test_1718,0.6545928,0.036928672,0.093220375,0.21525821
Test_1719,0.00014709892,0.0061617047,0.9911327,0.0025584938
Test_1720,0.0018539758,0.010296027,0.9665394,0.021310557
Test_1721,0.26656172,0.10427876,0.23488803,0.3942715
Test_1722,0.11125855,0.007941075,0.86404663,0.01675379
Test_1723,0.5737049,0.009254827,0.30429932,0.112740956
Test_1724,0.021201763,0.0029742927,0.89080554,0.08501847
Test_1725,0.01909768,0.16869715,0.4781288,0.3340764
Test_1726,0.13161564,0.0387284,0.02177791,0.807878
Test_1727,0.8154215,0.021342522,0.08336858,0.07986742
Test_1728,0.11078944,0.14799087,0.19509001,0.5461297
Test_1729,0.093386255,0.06873182,0.7142863,0.123595595
Test_1730,0.8518632,0.012132064,0.081321955,0.054682717
Test_1731,0.0067821085,0.07289294,0.906425,0.013899967
Test_1732,0.0004293694,0.022096787,0.952819,0.024654882
Test_1733,0.19418797,0.057773758,0.045715854,0.7023224
Test_1734,0.00859593,0.063876174,0.49959347,0.42793438
Test_1735,0.0019265496,0.080926046,0.896744,0.020403406
Test_1736,0.07000638,0.042357676,0.7466257,0.14101024
Test_1737,0.018994624,0.00639897,0.0037214607,0.9708849
Test_1738,0.22516923,0.029536678,0.019369949,0.72592413
Test_1739,0.37303707,0.049388282,0.26699737,0.31057727
Test_1740,0.004273949,0.017917199,0.9325701,0.045238722
Test_1741,0.11914517,0.15445647,0.058342896,0.6680555
Test_1742,0.00023390903,0.0027986984,0.9935173,0.003450122
Test_1743,0.0010215094,0.032319855,0.9595393,0.007119363
Test_1744,0.005872098,0.052655373,0.91918385,0.022288606
Test_1745,0.0052495766,0.03395732,0.947817,0.012976067
Test_1746,0.12024619,0.2548939,0.34086823,0.2839916
Test_1747,0.029137524,0.0170666,0.018855803,0.93494
Test_1748,0.0027150859,0.17824292,0.12594725,0.69309473
Test_1749,0.040796764,0.08749539,0.5506588,0.32104903
Test_1750,0.25684136,0.019736825,0.0074603125,0.7159615
Test_1751,0.027927574,0.0030405703,0.024499694,0.94453216
Test_1752,0.7010021,0.006480091,0.025984634,0.26653314
Test_1753,0.85913587,0.02149647,0.064469606,0.054897975
Test_1754,0.5807959,0.0047053215,0.0027836105,0.41171515
Test_1755,0.035899367,0.18211187,0.07354441,0.70844436
Test_1756,0.071144864,0.33351195,0.036956567,0.5583866
Test_1757,0.008091196,0.0047649117,0.0029067425,0.98423713
Test_1758,0.90811145,0.01864681,0.009795998,0.06344566
Test_1759,0.17854019,0.008836739,0.03424812,0.77837497
Test_1760,0.007426645,0.016492711,0.897652,0.07842866
Test_1761,0.66767365,0.009881208,0.017221091,0.30522397
Test_1762,0.010143351,0.012882491,0.013388097,0.96358603
Test_1763,0.022075806,0.038722698,0.8231599,0.1160416
Test_1764,0.0018064614,0.0029012414,0.9880056,0.007286715
Test_1765,0.24390993,0.01109576,0.002660695,0.7423336
Test_1766,0.26258373,0.02100961,0.024714328,0.69169235
Test_1767,0.0068824403,0.024742462,0.74622464,0.22215049
Test_1768,0.1815393,0.09156369,0.38614872,0.34074834
Test_1769,0.82820815,0.0048507163,0.15297645,0.013964634
Test_1770,0.057876326,0.036798306,0.087390065,0.8179353
Test_1771,0.02214346,0.015543149,0.21998163,0.74233174
Test_1772,0.029323172,0.3072207,0.17597292,0.4874832
Test_1773,0.001679498,0.012763819,0.054959234,0.9305974
Test_1774,0.9482075,0.007081524,0.011341947,0.03336896
Test_1775,0.039074626,0.13974793,0.74030674,0.080870725
Test_1776,0.004187824,0.0041448693,0.006350198,0.98531705
Test_1777,0.17422327,0.030682728,0.7026075,0.09248642
Test_1778,0.50229794,0.014532351,0.02084708,0.46232256
Test_1779,0.03936459,0.048128296,0.47061083,0.4418963
Test_1780,0.0062509133,0.2752086,0.104001306,0.6145392
Test_1781,0.01826718,0.007851304,0.014315567,0.95956594
Test_1782,0.0016707389,0.00039465513,0.9577472,0.040187407
Test_1783,0.07308877,0.057488114,0.39713028,0.47229293
Test_1784,0.049485747,0.0005021726,0.94845337,0.0015587894
Test_1785,0.0317068,0.0014494557,0.0014223726,0.9654214
Test_1786,0.5747228,0.07369567,0.10575485,0.24582675
Test_1787,0.0057968623,0.007157186,0.000497175,0.98654884
Test_1788,0.50511104,0.035578944,0.013433135,0.445877
Test_1789,0.86675245,0.0059553636,0.020754857,0.106537335
Test_1790,0.802429,0.00985026,0.006994686,0.18072605
Test_1791,0.94525725,0.0020573225,0.038911358,0.013774032
Test_1792,0.011755348,0.010541079,0.74192286,0.2357807
Test_1793,0.02992486,0.043475546,0.60138255,0.32521704
Test_1794,0.0028393602,0.04522881,0.8994982,0.052433524
Test_1795,0.41140613,0.050312664,0.13145398,0.40682727
Test_1796,0.013133775,0.47406057,0.3001185,0.21268718
Test_1797,0.0010488213,0.001699961,0.95543516,0.04181605
Test_1798,0.8515647,0.006848285,0.04049696,0.10109006
Test_1799,0.0043377653,0.002422037,0.0018315286,0.99140865
Test_1800,0.8042054,0.0032748678,0.08464224,0.107877515
Test_1801,0.045533463,0.041357595,0.010701726,0.9024072
Test_1802,0.29635775,0.0037495603,0.5985356,0.101357095
Test_1803,0.060579825,0.07897444,0.4043773,0.45606837
Test_1804,0.010213303,0.13720694,0.83044344,0.022136383
Test_1805,0.5434309,0.008616676,0.03017322,0.4177792
Test_1806,0.0009304575,0.0016150656,0.00064669055,0.9968078
Test_1807,0.71864986,0.03460376,0.018496482,0.22824994
Test_1808,0.78214884,0.014175566,0.09657484,0.10710072
Test_1809,0.70443934,0.005216335,0.21484835,0.07549597
Test_1810,0.020083634,0.06594921,0.31098992,0.6029773
Test_1811,0.088610195,0.0026481037,0.006104288,0.90263736
Test_1812,0.015048221,0.06653215,0.8644043,0.054015327
Test_1813,0.0022017846,0.0010899608,0.00018417684,0.99652404
Test_1814,0.036716007,0.026959423,0.7142241,0.2221004
Test_1815,0.0007439407,0.04946194,0.94052035,0.009273861
Test_1816,0.09160805,0.060671926,0.5376345,0.31008556
Test_1817,0.4441297,0.030441396,0.058147784,0.46728104
Test_1818,0.027318746,0.012664796,0.9368627,0.023153786
Test_1819,0.847321,0.015864754,0.06619496,0.070619315
Test_1820,0.07151108,0.031944174,0.025228169,0.87131655
